article_title,revision_Id,article_quality,country,region,population
Suleiman Mohamoud Adan,1100648418,Stub,Somalia,EAST AFRICA,17.6
Zamzam Abdi Adan,1104180941,Stub,Somalia,EAST AFRICA,17.6
Ahmed Aw Dahir,1062918876,Start,Somalia,EAST AFRICA,17.6
Mohammed Ahmed Alin,1067230288,Stub,Somalia,EAST AFRICA,17.6
Mohamed Nour Arrale,1010517655,Stub,Somalia,EAST AFRICA,17.6
Abdirizak Ibrahim Mohamed Attash,1106387976,Stub,Somalia,EAST AFRICA,17.6
Abdirahman Aw Ali Farrah,1090813639,Start,Somalia,EAST AFRICA,17.6
Abdirahman Aw Ali Farrah,1090813639,Start,Somalia,EAST AFRICA,17.6
Bashe Awil Omar,1080305059,Stub,Somalia,EAST AFRICA,17.6
Buurmadow,1060454282,Start,Somalia,EAST AFRICA,17.6
Mohamed Abdi Dhinbil,1105389938,Stub,Somalia,EAST AFRICA,17.6
Hussein Ali Duale,1061678975,Start,Somalia,EAST AFRICA,17.6
Hussein Abdi Dualeh,1046373247,Start,Somalia,EAST AFRICA,17.6
Bashe Mohamed Farah,1100193203,Stub,Somalia,EAST AFRICA,17.6
Khadra Haji Ismail Geid,1110909858,Stub,Somalia,EAST AFRICA,17.6
Dayib Gurey,1105996972,Stub,Somalia,EAST AFRICA,17.6
Suleiman Hassan Haddi,1080321751,Stub,Somalia,EAST AFRICA,17.6
Suleiman Haglotosiye,1113248839,Start,Somalia,EAST AFRICA,17.6
Hassan Ismail Yusuf,1095741540,Start,Somalia,EAST AFRICA,17.6
Abdiaziz Hussein Hassan,1050666572,Stub,Somalia,EAST AFRICA,17.6
Hussein Mohamed Mohamoud,1025215950,Stub,Somalia,EAST AFRICA,17.6
Ibrahim Megag Samatar,1100656361,Start,Somalia,EAST AFRICA,17.6
Ibrahim Megag Samatar,1100656361,Start,Somalia,EAST AFRICA,17.6
Hassan Isse Jama,1082326113,Start,Somalia,EAST AFRICA,17.6
Abdiqani Mohamoud Jidhe,1102025422,Stub,Somalia,EAST AFRICA,17.6
Dahir Riyale Kahin,1114879468,Start,Somalia,EAST AFRICA,17.6
Mohamed Hussein Jama,1057643441,Stub,Somalia,EAST AFRICA,17.6
Ahmed Mohamed Mohamoud,1114881150,GA,Somalia,EAST AFRICA,17.6
Mohamed Ahmed Mohamud,1069732157,Stub,Somalia,EAST AFRICA,17.6
Nafisat Yusuf Mohammed,1013484175,Start,Somalia,EAST AFRICA,17.6
Ismail Haji Nour,1080319184,Stub,Somalia,EAST AFRICA,17.6
Osman Saleban Jama,1073933365,Start,Somalia,EAST AFRICA,17.6
Liban Yusuf Osman,1078601021,Start,Somalia,EAST AFRICA,17.6
Ahmed Muhammad Aden Qeybe,1100656814,Stub,Somalia,EAST AFRICA,17.6
Abdirisaq Waberi Roble,964350062,Stub,Somalia,EAST AFRICA,17.6
Jibrell Ali Salad,1086444472,Start,Somalia,EAST AFRICA,17.6
Abdirahman Saylici,1106387960,Stub,Somalia,EAST AFRICA,17.6
Abdirahman Ahmed Ali Tuur,1114877231,C,Somalia,EAST AFRICA,17.6
Faysal Ali Warabe,1105125295,C,Somalia,EAST AFRICA,17.6
Ali Mohamed Warancadde,1050457012,Stub,Somalia,EAST AFRICA,17.6
Ahmed Yusuf Yasin,1082812507,Stub,Somalia,EAST AFRICA,17.6
Mohamed Yonis,1092949757,C,Somalia,EAST AFRICA,17.6
Ali Mohamed Yussuf,1021493082,Stub,Somalia,EAST AFRICA,17.6
Isse Ahmed Yusuf,1005192126,Stub,Somalia,EAST AFRICA,17.6
Dulton Adams,1086408049,Stub,South Africa,SOUTHERN AFRICA,60.6
Bongani Baloyi,1084870878,C,South Africa,SOUTHERN AFRICA,60.6
Henry Barrington,1091913293,Start,South Africa,SOUTHERN AFRICA,60.6
Japie Basson,1091913341,Start,South Africa,SOUTHERN AFRICA,60.6
Christiaan Frederik Beyers,1099763792,Start,South Africa,SOUTHERN AFRICA,60.6
Hendrietta Bogopane-Zulu,1091913446,Start,South Africa,SOUTHERN AFRICA,60.6
Bongani Bongo,1093781956,C,South Africa,SOUTHERN AFRICA,60.6
Henry Burton (South African politician),1103715218,Start,South Africa,SOUTHERN AFRICA,60.6
Shaun Byneveldt,1086431155,Stub,South Africa,SOUTHERN AFRICA,60.6
Marshall Campbell,1112455259,Start,South Africa,SOUTHERN AFRICA,60.6
Geoffrey Cronjé,1087229553,Stub,South Africa,SOUTHERN AFRICA,60.6
Rowan Cronjé,1090126948,C,South Africa,SOUTHERN AFRICA,60.6
David Dichaba,1087229999,Stub,South Africa,SOUTHERN AFRICA,60.6
Stephanus Jacobus du Toit,1070184582,GA,South Africa,SOUTHERN AFRICA,60.6
Jennifer Ferguson,1084878734,Start,South Africa,SOUTHERN AFRICA,60.6
Benjamin Wesley Greenacre,1088248229,Stub,South Africa,SOUTHERN AFRICA,60.6
Owen Horwood,1084875345,Start,South Africa,SOUTHERN AFRICA,60.6
Danie Hough,1096032434,Stub,South Africa,SOUTHERN AFRICA,60.6
John William Jagger,1088423836,Start,South Africa,SOUTHERN AFRICA,60.6
Christina Jasson,1095281104,Start,South Africa,SOUTHERN AFRICA,60.6
Makhosi Khoza,1110352747,Start,South Africa,SOUTHERN AFRICA,60.6
Adam Kok III,1084880247,C,South Africa,SOUTHERN AFRICA,60.6
Cornelius Kok II,1027218749,Start,South Africa,SOUTHERN AFRICA,60.6
Joel Krige,1092237074,Stub,South Africa,SOUTHERN AFRICA,60.6
Johannes Christoffel Krogh,1097324284,Start,South Africa,SOUTHERN AFRICA,60.6
Dawid Kruiper,1084880270,Start,South Africa,SOUTHERN AFRICA,60.6
Cornelis Jacobus Langenhoven,1100944645,C,South Africa,SOUTHERN AFRICA,60.6
Maruping Lekwene,1088788887,Start,South Africa,SOUTHERN AFRICA,60.6
Lindiwe Mabuza,1100374167,C,South Africa,SOUTHERN AFRICA,60.6
Elizabeth Mafekeng,1084880274,C,South Africa,SOUTHERN AFRICA,60.6
Mmusi Maimane,1115303784,GA,South Africa,SOUTHERN AFRICA,60.6
Geoff Makhubo,1098843482,C,South Africa,SOUTHERN AFRICA,60.6
Mabel Malherbe,1091904503,Start,South Africa,SOUTHERN AFRICA,60.6
Neo Maneng,1090707645,Stub,South Africa,SOUTHERN AFRICA,60.6
Themba Maseko,1084880381,Start,South Africa,SOUTHERN AFRICA,60.6
Bandile Masuku,1115516317,C,South Africa,SOUTHERN AFRICA,60.6
Qaqambile Matanzima,1084880360,C,South Africa,SOUTHERN AFRICA,60.6
Khayelihle Mathaba,1084880305,Stub,South Africa,SOUTHERN AFRICA,60.6
Graham McIntosh,1071895270,C,South Africa,SOUTHERN AFRICA,60.6
Ntombi Lentheng Mekgwe,1084875290,Stub,South Africa,SOUTHERN AFRICA,60.6
Jan Meyer,1100262444,B,South Africa,SOUTHERN AFRICA,60.6
Clarence Mini,1084878322,C,South Africa,SOUTHERN AFRICA,60.6
Wilton Mkwayi,1101374740,C,South Africa,SOUTHERN AFRICA,60.6
Zwakele Mncwango,1114285475,C,South Africa,SOUTHERN AFRICA,60.6
Ellen Molekane,1084871818,Stub,South Africa,SOUTHERN AFRICA,60.6
Silas Molema,1087407617,Start,South Africa,SOUTHERN AFRICA,60.6
John Moodey,1098205766,C,South Africa,SOUTHERN AFRICA,60.6
Frederick Moor,1086100029,Start,South Africa,SOUTHERN AFRICA,60.6
Viola Motsumi,1084876921,Start,South Africa,SOUTHERN AFRICA,60.6
Dali Mpofu,1113078843,Start,South Africa,SOUTHERN AFRICA,60.6
Mpumi Mpofu,1084874811,Stub,South Africa,SOUTHERN AFRICA,60.6
Bongani Msomi,1084870895,Stub,South Africa,SOUTHERN AFRICA,60.6
Prema Naidoo,1086619086,Start,South Africa,SOUTHERN AFRICA,60.6
Sister Bernard Ncube,1092981088,C,South Africa,SOUTHERN AFRICA,60.6
John Nkadimeng,1106722224,Start,South Africa,SOUTHERN AFRICA,60.6
Sibongile Judith Nkomo,1112786688,Stub,South Africa,SOUTHERN AFRICA,60.6
Stafford Parker,1105552581,Start,South Africa,SOUTHERN AFRICA,60.6
Fawzia Peer,1084880279,Stub,South Africa,SOUTHERN AFRICA,60.6
Penny Penny,1092903833,Start,South Africa,SOUTHERN AFRICA,60.6
Pieter Gysbert Noodt,975860917,Stub,South Africa,SOUTHERN AFRICA,60.6
Amichand Rajbansi,1066986085,C,South Africa,SOUTHERN AFRICA,60.6
JN Reddy (politician),1113392946,GA,South Africa,SOUTHERN AFRICA,60.6
Zamani Saul,1084877243,Start,South Africa,SOUTHERN AFRICA,60.6
Helen Sauls-August,1098455848,Stub,South Africa,SOUTHERN AFRICA,60.6
Charles Saunders (colonial administrator),1098520391,Start,South Africa,SOUTHERN AFRICA,60.6
Floyd Shivambu,1093791445,C,South Africa,SOUTHERN AFRICA,60.6
Archie Sibeko,1096673163,C,South Africa,SOUTHERN AFRICA,60.6
Letitia Sibeko,1107939937,Start,South Africa,SOUTHERN AFRICA,60.6
Edward Philip Solomon,1106269773,Start,South Africa,SOUTHERN AFRICA,60.6
Max Sonnenberg,1096328535,Start,South Africa,SOUTHERN AFRICA,60.6
Walter Stanford,1112747607,C,South Africa,SOUTHERN AFRICA,60.6
Richard Stuttaford,980482363,Start,South Africa,SOUTHERN AFRICA,60.6
Michael Tellinger,1102506186,Start,South Africa,SOUTHERN AFRICA,60.6
Moses Twebe,1084874768,Stub,South Africa,SOUTHERN AFRICA,60.6
Johannes Hendrikus Viljoen,1091590968,Stub,South Africa,SOUTHERN AFRICA,60.6
Andries Waterboer,1084880251,Start,South Africa,SOUTHERN AFRICA,60.6
Nicolaas Waterboer,1105620135,Start,South Africa,SOUTHERN AFRICA,60.6
Alan Winde,1107724739,GA,South Africa,SOUTHERN AFRICA,60.6
Thuli Dladla,1046068469,Stub,South Africa,SOUTHERN AFRICA,60.6
Paul Dlamini,1081249695,Stub,South Africa,SOUTHERN AFRICA,60.6
Prince Sozisa Dlamini,808556266,B,South Africa,SOUTHERN AFRICA,60.6
Njabulo Mabuza,1081249733,Stub,South Africa,SOUTHERN AFRICA,60.6
Themba Masuku,1092838946,Start,South Africa,SOUTHERN AFRICA,60.6
Charles Myeza,1112285121,Stub,South Africa,SOUTHERN AFRICA,60.6
Ben Nsibandze,1100374538,Stub,South Africa,SOUTHERN AFRICA,60.6
Jackson Abugo,1095291739,Stub,South Sudan,EAST AFRICA,10.9
Anisia Achieng,1101103198,Start,South Sudan,EAST AFRICA,10.9
Emmanuel Adil Anthony,1112647227,Start,South Sudan,EAST AFRICA,10.9
Africano Mande Gedima,1115247401,C,South Sudan,EAST AFRICA,10.9
Angelo Dayu Agor,1078042589,Stub,South Sudan,EAST AFRICA,10.9
Morris Yel Akol,1084078778,Stub,South Sudan,EAST AFRICA,10.9
Wol Akec Akol,1093916563,Stub,South Sudan,EAST AFRICA,10.9
Deng Deng Akon,1107221543,Stub,South Sudan,EAST AFRICA,10.9
Mayol Kur Akuei,1044511023,Stub,South Sudan,EAST AFRICA,10.9
Obuch Ojwok Akuo,1065212992,Stub,South Sudan,EAST AFRICA,10.9
Albino Bol,1105090334,Stub,South Sudan,EAST AFRICA,10.9
Jacob Aligo,1095292336,Stub,South Sudan,EAST AFRICA,10.9
Paul Malong Awan,1105447742,C,South Sudan,EAST AFRICA,10.9
Ayaa Benjamin Warille,1113514909,Stub,South Sudan,EAST AFRICA,10.9
Joseph Bakosoro,1113578914,Stub,South Sudan,EAST AFRICA,10.9
Francis Barsan,1078637416,Stub,South Sudan,EAST AFRICA,10.9
Tito Biel,1055829953,Start,South Sudan,EAST AFRICA,10.9
Abraham Makoi Bol,919546351,Stub,South Sudan,EAST AFRICA,10.9
Theresa Anyuat Bola,1090872160,Stub,South Sudan,EAST AFRICA,10.9
Mary Boyoi,1104061850,Start,South Sudan,EAST AFRICA,10.9
Paul Lodu Bureng,1086320016,Stub,South Sudan,EAST AFRICA,10.9
Cirino Hiteng Ofuho,1106297094,Start,South Sudan,EAST AFRICA,10.9
Nyandeng Malek Deliech,1090872164,Start,South Sudan,EAST AFRICA,10.9
Deng Deng Akuei,919471963,Stub,South Sudan,EAST AFRICA,10.9
William Deng Nhial,1114800318,C,South Sudan,EAST AFRICA,10.9
Aldo Deng,1032863130,Start,South Sudan,EAST AFRICA,10.9
Ronald Ruai Deng,919609685,Stub,South Sudan,EAST AFRICA,10.9
Teker Riek Dong,918811425,Stub,South Sudan,EAST AFRICA,10.9
John Malish Dujuk,1108659929,Stub,South Sudan,EAST AFRICA,10.9
George Echom,1067331237,Start,South Sudan,EAST AFRICA,10.9
Baptist Sabit Frances,1068382948,Stub,South Sudan,EAST AFRICA,10.9
Taban Deng Gai,1113427102,GA,South Sudan,EAST AFRICA,10.9
Jacob Kuwinsuk Gale,1108503934,Stub,South Sudan,EAST AFRICA,10.9
Joseph Garang,1099266151,Start,South Sudan,EAST AFRICA,10.9
Isaac Cleto Hassan,1099791155,Stub,South Sudan,EAST AFRICA,10.9
Rezik Zechariah Hassan,949043206,Stub,South Sudan,EAST AFRICA,10.9
Sarah Cleto Hassan,1111889684,Start,South Sudan,EAST AFRICA,10.9
Emmanuel Ija,1095984007,Stub,South Sudan,EAST AFRICA,10.9
Aggrey Jaden,1059224881,Start,South Sudan,EAST AFRICA,10.9
Chol Tong Mayay Jang,888292366,Stub,South Sudan,EAST AFRICA,10.9
Timothy Taban Juch,1058136616,Stub,South Sudan,EAST AFRICA,10.9
Michael Roberto Kenyi,1087319671,Stub,South Sudan,EAST AFRICA,10.9
Salva Kiir Mayardit,1115281646,C,South Sudan,EAST AFRICA,10.9
Peter Bol Koang,918743234,Stub,South Sudan,EAST AFRICA,10.9
Clement Wani Konga,1102830572,Stub,South Sudan,EAST AFRICA,10.9
Baba Medan Konya,919549108,Stub,South Sudan,EAST AFRICA,10.9
Kuol Deim Kuol,1006056090,Stub,South Sudan,EAST AFRICA,10.9
Samson L. Kwaje,1055834802,Start,South Sudan,EAST AFRICA,10.9
Felix Ladu,1091814441,Stub,South Sudan,EAST AFRICA,10.9
Paterno Legge,1075466143,Stub,South Sudan,EAST AFRICA,10.9
Stephen Lemi Lokuron,1075465380,Stub,South Sudan,EAST AFRICA,10.9
Natisio Loluke,919628419,Stub,South Sudan,EAST AFRICA,10.9
Joseph Lual Acuil,1063289231,Start,South Sudan,EAST AFRICA,10.9
Vincent Kujo Lubong,1069101167,Stub,South Sudan,EAST AFRICA,10.9
Mabior Garang De-Mabior,1113657913,Start,South Sudan,EAST AFRICA,10.9
Mary Karlino Madut,1094131882,Stub,South Sudan,EAST AFRICA,10.9
Simon Mijok Majak,1100729735,Stub,South Sudan,EAST AFRICA,10.9
Madang Majok,930031820,Stub,South Sudan,EAST AFRICA,10.9
Abraham Gum Makuach,1112713366,Stub,South Sudan,EAST AFRICA,10.9
Juma Ali Malou,919560655,Stub,South Sudan,EAST AFRICA,10.9
Mary Mawai,1105243093,Stub,South Sudan,EAST AFRICA,10.9
James Ajongo Mawut,1093453653,Stub,South Sudan,EAST AFRICA,10.9
Peter Mayen,1109187939,Stub,South Sudan,EAST AFRICA,10.9
Juliet Raphael Michael,1094131128,Stub,South Sudan,EAST AFRICA,10.9
John Peter Miskin,1091499255,Stub,South Sudan,EAST AFRICA,10.9
Afikaano Monday,919576350,Stub,South Sudan,EAST AFRICA,10.9
Joseph Monytuil,1103909978,Stub,South Sudan,EAST AFRICA,10.9
Hellen Murshali,1103920974,Stub,South Sudan,EAST AFRICA,10.9
Paulino Matip Nhial,1109450057,GA,South Sudan,EAST AFRICA,10.9
Elias Waya Nyipuoc,960248404,Start,South Sudan,EAST AFRICA,10.9
Rebecca Joshua Okwaci,1078883066,Start,South Sudan,EAST AFRICA,10.9
Nathaniel Oyet,1113434840,Stub,South Sudan,EAST AFRICA,10.9
Joseph Nyiegele Pacifo,929980362,Stub,South Sudan,EAST AFRICA,10.9
Bona Panek,919581650,Stub,South Sudan,EAST AFRICA,10.9
Ajonye Paperture,1024512303,Stub,South Sudan,EAST AFRICA,10.9
Paulino Lukudu Obede,1105374820,Stub,South Sudan,EAST AFRICA,10.9
Simon Kun Puoch,1032614087,Stub,South Sudan,EAST AFRICA,10.9
Patrick Raphael,918739405,Stub,South Sudan,EAST AFRICA,10.9
Richard Remo,1068134189,Stub,South Sudan,EAST AFRICA,10.9
Ruben Madol Arol Kachuol,1096745777,Start,South Sudan,EAST AFRICA,10.9
Adil Athanasio Surrur,1106626605,Stub,South Sudan,EAST AFRICA,10.9
John Lodu Tombe,1075472084,Stub,South Sudan,EAST AFRICA,10.9
Tong Akeen Ngor,1049724514,Stub,South Sudan,EAST AFRICA,10.9
Dier Tong Ngor,1110997068,Stub,South Sudan,EAST AFRICA,10.9
Michael Tongun,1080331759,Stub,South Sudan,EAST AFRICA,10.9
James Tor Monybuny,1005891533,Start,South Sudan,EAST AFRICA,10.9
Rin Tuec,919609346,Stub,South Sudan,EAST AFRICA,10.9
Efisio Kon Uguak,1075404348,Stub,South Sudan,EAST AFRICA,10.9
Augustino Jadalla Wani,1094862433,Stub,South Sudan,EAST AFRICA,10.9
Manasseh Lomole Waya,1096606367,Stub,South Sudan,EAST AFRICA,10.9
Juma Saeed Worju,967664366,Stub,South Sudan,EAST AFRICA,10.9
Justin Yak,1110072478,Stub,South Sudan,EAST AFRICA,10.9
Claro Abánades López,1113779647,FA,Spain,SOUTHERN EUROPE,47.4
Joaquín Abarca,1033407869,Stub,Spain,SOUTHERN EUROPE,47.4
Domingo de Acassuso,1093900852,Start,Spain,SOUTHERN EUROPE,47.4
Pedro Acedo Penco,1084146623,Stub,Spain,SOUTHERN EUROPE,47.4
Sofía Acedo Reyes,1082213275,Start,Spain,SOUTHERN EUROPE,47.4
Rodolfo Aínsa,1101221364,Stub,Spain,SOUTHERN EUROPE,47.4
Luis Alarcón de la Lastra,1104137934,C,Spain,SOUTHERN EUROPE,47.4
Gil Álvarez Carrillo de Albornoz,1097643747,C,Spain,SOUTHERN EUROPE,47.4
Luis Almarcha Hernández,1068994303,Start,Spain,SOUTHERN EUROPE,47.4
Alonso III Fonseca,1095942154,Start,Spain,SOUTHERN EUROPE,47.4
Ana Alós,1101011811,Start,Spain,SOUTHERN EUROPE,47.4
"Fadrique de Toledo, 1st Marquess of Valdueza",1068945024,Start,Spain,SOUTHERN EUROPE,47.4
"Fernando Álvarez de Toledo, 3rd Duke of Alba",1110129320,C,Spain,SOUTHERN EUROPE,47.4
García Álvarez de Toledo y Osorio,1095787511,Start,Spain,SOUTHERN EUROPE,47.4
"García de Toledo Osorio, 6th Marquess of Villafranca",1045635951,Start,Spain,SOUTHERN EUROPE,47.4
"Pedro de Toledo Osorio, 5th Marquess of Villafranca",1104843127,Start,Spain,SOUTHERN EUROPE,47.4
Diego de Alvear y Ponce de León,1109548816,C,Spain,SOUTHERN EUROPE,47.4
Martín de Álzaga,1114852877,C,Spain,SOUTHERN EUROPE,47.4
Antonio Gutiérrez y Ulloa,1105274896,C,El Salvador,CENTRAL AMERICA,6.3
Antonio Gutiérrez y Ulloa,1105274896,C,Spain,SOUTHERN EUROPE,47.4
Buenaventura Carlos Aribau,988474574,Stub,Spain,SOUTHERN EUROPE,47.4
Manuel de Aróstegui Sáenz de Olamendi,1096423662,Stub,Spain,SOUTHERN EUROPE,47.4
Antonio Arrúe Zarauz,1113779972,FA,Spain,SOUTHERN EUROPE,47.4
Eduardo Asquerino,1059034676,Stub,Spain,SOUTHERN EUROPE,47.4
Lourdes Auzmendi,1029806372,Start,Spain,SOUTHERN EUROPE,47.4
Vicente Bacallar,1083620426,C,Spain,SOUTHERN EUROPE,47.4
Ignacio Baleztena Ascárate,1114317297,FA,Spain,SOUTHERN EUROPE,47.4
Atanasio Ballesteros,1108477980,Stub,Spain,SOUTHERN EUROPE,47.4
"José Baquíjano y Carrillo, Count of Vistaflorida",1093246879,Start,Spain,SOUTHERN EUROPE,47.4
Juan Palarea y Blanes,1110529907,Start,Spain,SOUTHERN EUROPE,47.4
Joseph Blás de Gainza,993600864,Stub,Spain,SOUTHERN EUROPE,47.4
Juan Antonio Bolea,1100828029,Stub,Spain,SOUTHERN EUROPE,47.4
Gaspar de Borja y Velasco,1104699341,C,Spain,SOUTHERN EUROPE,47.4
"Francisco Tadeo Calomarde, 1st Duke of Santa Isabel",1070343072,Start,Spain,SOUTHERN EUROPE,47.4
Blas Camacho,1101437075,Stub,Spain,SOUTHERN EUROPE,47.4
José Manuel Campa,1074156210,Start,Spain,SOUTHERN EUROPE,47.4
Mateu Cañellas,1099176383,Start,Spain,SOUTHERN EUROPE,47.4
Antonio Carro Martínez,1104381249,Stub,Spain,SOUTHERN EUROPE,47.4
"Nicolás de Carvajal, Marquis of Sarria",1098105485,Start,Spain,SOUTHERN EUROPE,47.4
Francesc de Castellví i de Vic,1066124922,Stub,Spain,SOUTHERN EUROPE,47.4
Yaiza Castilla Herrera,1114401468,Stub,Spain,SOUTHERN EUROPE,47.4
"Juan Francisco de la Cerda, 8th Duke of Medinaceli",1105892119,Start,Spain,SOUTHERN EUROPE,47.4
"Luis Francisco de la Cerda, 9th Duke of Medinaceli",1101260163,Start,Spain,SOUTHERN EUROPE,47.4
Ramón Chíes,1093542725,Start,Spain,SOUTHERN EUROPE,47.4
Diego Clemencín,1081213360,Start,Spain,SOUTHERN EUROPE,47.4
Octavio Cuartero Cifuentes,1096425264,Stub,Spain,SOUTHERN EUROPE,47.4
"Diego Dávila Mesía y Guzmán, 3rd Marquess of Leganés",1084945739,Start,Spain,SOUTHERN EUROPE,47.4
Fernando de Parias Merry,1102909033,Stub,Spain,SOUTHERN EUROPE,47.4
Rafael Díez de la Cortina y Olaeta,1112390753,FA,Spain,SOUTHERN EUROPE,47.4
Teresa Domingo Segarra,1091720186,Stub,Spain,SOUTHERN EUROPE,47.4
Juan Donoso Cortés,1106894631,C,Spain,SOUTHERN EUROPE,47.4
Horacio Echevarrieta,1046893081,C,Spain,SOUTHERN EUROPE,47.4
Julián Elorza Aizpuru,1111274553,FA,Spain,SOUTHERN EUROPE,47.4
Juan de Escobedo,1043838278,Start,Spain,SOUTHERN EUROPE,47.4
Juan Escoiquiz,1032123165,Start,Spain,SOUTHERN EUROPE,47.4
Gaspar de Espinosa,1068983396,Start,Spain,SOUTHERN EUROPE,47.4
Víctor Eusa Razquin,1113527776,FA,Spain,SOUTHERN EUROPE,47.4
Carlos Fabra Carreras,1088684877,C,Spain,SOUTHERN EUROPE,47.4
"Diego Felipez de Guzmán, 1st Marquess of Leganés",1096106290,C,Spain,SOUTHERN EUROPE,47.4
Miguel Ángel Fernández-Palacios,1101094299,Start,Spain,SOUTHERN EUROPE,47.4
"Fernando Gómez (footballer, born 1965)",1098126018,C,Spain,SOUTHERN EUROPE,47.4
Antonio Flores de Lemus,1069012803,Start,Spain,SOUTHERN EUROPE,47.4
Josep Fornas,1100828052,Stub,Spain,SOUTHERN EUROPE,47.4
Chato Galante,1110515122,Stub,Spain,SOUTHERN EUROPE,47.4
Guillermo Galeote,1099982046,Stub,Spain,SOUTHERN EUROPE,47.4
Mar Garcia,1069863344,C,Spain,SOUTHERN EUROPE,47.4
Álvaro Gil-Robles,1068958543,Start,Spain,SOUTHERN EUROPE,47.4
Magda Godia,1101223631,Start,Spain,SOUTHERN EUROPE,47.4
Juan Carlos Guerra Zunzunegui,1104380457,Stub,Spain,SOUTHERN EUROPE,47.4
"Gaspar Méndez de Haro, 7th Marquis of Carpio",1019104410,C,Spain,SOUTHERN EUROPE,47.4
"Pedro Henriquez de Acevedo, Count of Fuentes",1103929563,Start,Spain,SOUTHERN EUROPE,47.4
Pedro de Herrera,1059696308,Stub,Spain,SOUTHERN EUROPE,47.4
Eleazar Huerta Valcárcel,1069026111,Stub,Spain,SOUTHERN EUROPE,47.4
Javier Imbroda,1109934881,Stub,Spain,SOUTHERN EUROPE,47.4
Blas Infante,1090235807,Start,Spain,SOUTHERN EUROPE,47.4
Erasmo Janer Gironella,1107107927,FA,Spain,SOUTHERN EUROPE,47.4
Manuel Jiménez de Parga,1096109133,Stub,Spain,SOUTHERN EUROPE,47.4
Joaquín Jiménez Hidalgo,1100828477,Stub,Spain,SOUTHERN EUROPE,47.4
Alejandro Lamalfa,1098665055,Stub,Spain,SOUTHERN EUROPE,47.4
Ignacio Hernando de Larramendi y Montiano,1109395465,FA,Spain,SOUTHERN EUROPE,47.4
Bernardino León,1080860368,C,Spain,SOUTHERN EUROPE,47.4
Hernando de Lerma,1096116275,Start,Spain,SOUTHERN EUROPE,47.4
José Pascual de Liñán y Eguizábal,1111270449,FA,Spain,SOUTHERN EUROPE,47.4
José Luis Liso,1099829902,Stub,Spain,SOUTHERN EUROPE,47.4
José María Llanos,1114408218,Stub,Spain,SOUTHERN EUROPE,47.4
Carmen Llorca,1084910372,Stub,Spain,SOUTHERN EUROPE,47.4
Pero López de Ayala,1096106599,Start,Spain,SOUTHERN EUROPE,47.4
Álvaro de Luna,1096639628,C,Spain,SOUTHERN EUROPE,47.4
"Juan Manuel Fernández Pacheco, 8th Duke of Escalona",1043098967,Start,Spain,SOUTHERN EUROPE,47.4
Xabier Markiegi,1113721723,Stub,Spain,SOUTHERN EUROPE,47.4
Manuel Marliani,1062865219,Stub,Italy,SOUTHERN EUROPE,58.9
Manuel Marliani,1062865219,Stub,Spain,SOUTHERN EUROPE,47.4
Marquis of Amboage,1086094474,Stub,Spain,SOUTHERN EUROPE,47.4
Ignacio Martín Amaro,1103971165,Stub,Spain,SOUTHERN EUROPE,47.4
Luis Méndez de Haro,1103527874,Start,Spain,SOUTHERN EUROPE,47.4
Bernardino de Mendoza,1114691610,Start,Spain,SOUTHERN EUROPE,47.4
Marcelino Menéndez y Pelayo,1096446601,C,Spain,SOUTHERN EUROPE,47.4
Gabriel Milan,1065174231,B,Spain,SOUTHERN EUROPE,47.4
Luis Minguela,1110850781,Start,Spain,SOUTHERN EUROPE,47.4
Salvador Minguijón Adrián,1113473296,FA,Spain,SOUTHERN EUROPE,47.4
Pep Mòdol,1104404965,Stub,Spain,SOUTHERN EUROPE,47.4
Rafael Montoro,1107203065,Stub,Cuba,CARIBBEAN,11.1
Rafael Montoro,1107203065,Stub,Spain,SOUTHERN EUROPE,47.4
Guillermo Morphy,1066444598,C,Spain,SOUTHERN EUROPE,47.4
Pere Navarro Olivella,1084603008,Start,Spain,SOUTHERN EUROPE,47.4
Juan Everardo Nithard,1103547500,Start,Spain,SOUTHERN EUROPE,47.4
Pablo de Olavide,1112996673,Start,Spain,SOUTHERN EUROPE,47.4
José María de Orbe y Gaytán,1111269697,FA,Spain,SOUTHERN EUROPE,47.4
Álvaro d'Ors Pérez-Peix,1106358929,FA,Spain,SOUTHERN EUROPE,47.4
Félix Ortega Fernández,1083313299,Stub,Spain,SOUTHERN EUROPE,47.4
Román Oyarzun Oyarzun,1112985729,FA,Spain,SOUTHERN EUROPE,47.4
Juan Pacheco,1050728168,C,Spain,SOUTHERN EUROPE,47.4
Berenguer de Palou II,1059003082,Start,Spain,SOUTHERN EUROPE,47.4
Javier María Pascual Ibañez,1088789363,FA,Spain,SOUTHERN EUROPE,47.4
Pedro Antonio de Aragón,1093371088,Start,Spain,SOUTHERN EUROPE,47.4
José Pellicer Gandía,1112951182,Stub,Spain,SOUTHERN EUROPE,47.4
Juan Manuel de la Peña Bonifaz,1110216579,Start,Spain,SOUTHERN EUROPE,47.4
Antonio Pérez (statesman),1112055320,B,Spain,SOUTHERN EUROPE,47.4
Antonio Victor Pildáin y Zapiáin,1115030339,Stub,Spain,SOUTHERN EUROPE,47.4
Manuel Pizarro Moreno,1095965862,Stub,Spain,SOUTHERN EUROPE,47.4
Luis Gabriel Portillo,1083417528,Start,Spain,SOUTHERN EUROPE,47.4
Pablo de Porturas y Landázuri,1083314563,Stub,Spain,SOUTHERN EUROPE,47.4
Manuel Prado y Colón de Carvajal,1110047861,Start,Spain,SOUTHERN EUROPE,47.4
Jesús Quijano,1083314800,Start,Spain,SOUTHERN EUROPE,47.4
Pascual Rabal Petriz,1110714338,Stub,Spain,SOUTHERN EUROPE,47.4
Domingo Ram y Lanaja,1103935973,Start,Spain,SOUTHERN EUROPE,47.4
Enrique Ramón Fajarnés,1105196034,Stub,Spain,SOUTHERN EUROPE,47.4
Maria Dolors Renau,1110717255,Stub,Spain,SOUTHERN EUROPE,47.4
Tomás Reñones,1067962807,Start,Spain,SOUTHERN EUROPE,47.4
Luis de Requesens y Relat,1066130983,Start,Spain,SOUTHERN EUROPE,47.4
Galceran de Requesens y Santa Coloma,800277980,Start,Spain,SOUTHERN EUROPE,47.4
Rafael del Riego,1109697301,C,Spain,SOUTHERN EUROPE,47.4
Miguel Romero (activist),1069043798,Stub,Spain,SOUTHERN EUROPE,47.4
Julio Ruiz de Alda,1070900508,Start,Spain,SOUTHERN EUROPE,47.4
Gabriel von Salamanca-Ortenburg,1103927512,C,Spain,SOUTHERN EUROPE,47.4
Sampiro,1095007515,C,Spain,SOUTHERN EUROPE,47.4
Rafael Sánchez Guerra,1096426163,Stub,Spain,SOUTHERN EUROPE,47.4
Belén de Sárraga,1085675324,C,Spain,SOUTHERN EUROPE,47.4
José Sisto,1092505399,C,Spain,SOUTHERN EUROPE,47.4
Pedro Soto (politician),1099628635,Stub,Spain,SOUTHERN EUROPE,47.4
"Juan de Tassis, 1st Count of Villamediana",1091687937,B,Spain,SOUTHERN EUROPE,47.4
Francisco Elías de Tejada y Spínola,1112143161,FA,Spain,SOUTHERN EUROPE,47.4
José Perelló Torrens,1106097271,C,Spain,SOUTHERN EUROPE,47.4
Leopoldo Torres (politician),1103027991,Stub,Spain,SOUTHERN EUROPE,47.4
Mikel Unzalu,1101357586,Stub,Spain,SOUTHERN EUROPE,47.4
Arantza Urkaregi,1114502991,Start,Spain,SOUTHERN EUROPE,47.4
María Rosa Urraca Pastor,1112159572,FA,Spain,SOUTHERN EUROPE,47.4
Fernando de Valdés y Salas,1031521862,Start,Spain,SOUTHERN EUROPE,47.4
Mauro Varela,1104383327,Stub,Spain,SOUTHERN EUROPE,47.4
Rodrigo Vázquez de Arce,934714696,Start,Spain,SOUTHERN EUROPE,47.4
Eugenio Vegas Latapie,1107109600,C,Spain,SOUTHERN EUROPE,47.4
José Joaquín de Viana,1083620763,Start,Spain,SOUTHERN EUROPE,47.4
Vicenç Vidal Matas,1083747578,Stub,Spain,SOUTHERN EUROPE,47.4
Narcís Vinyoles,1096424716,Start,Spain,SOUTHERN EUROPE,47.4
Mariano Zufía Urrizalqui,1112160238,FA,Spain,SOUTHERN EUROPE,47.4
Sujatha Paramanathan,1113502682,C,Sri Lanka,SOUTH ASIA,22.4
Marshal Perera,1106530273,Start,Sri Lanka,SOUTH ASIA,22.4
Sirimal Wijesinghe,1101551180,C,Sri Lanka,SOUTH ASIA,22.4
Robelto Hector,1103515422,Stub,St. Kitts-Nevis,CARIBBEAN,0.1
Eustace John,1079695657,Stub,St. Kitts-Nevis,CARIBBEAN,0.1
Shirley Skerrit-Andrew,1066964128,Stub,St. Kitts-Nevis,CARIBBEAN,0.1
Kenneth John,1100264544,Start,St. Vincent and the Grenadines,CARIBBEAN,0.1
Gertrude Protain,1014394761,C,St. Vincent and the Grenadines,CARIBBEAN,0.1
Alphonso Theodore Roberts,1077403825,Start,St. Vincent and the Grenadines,CARIBBEAN,0.1
Adil Abdel Aati,961560512,C,Sudan,NORTHERN AFRICA,46.9
Malik Agar,1105457485,Start,Sudan,NORTHERN AFRICA,46.9
Ali wad Hilu,1085011367,Start,Sudan,NORTHERN AFRICA,46.9
Mirghani Alnasri,1059686019,Stub,Sudan,NORTHERN AFRICA,46.9
Samuel Aru Bol,919521306,Start,Sudan,NORTHERN AFRICA,46.9
Tahani Abdalla Attia Gasmalla,1102528472,Stub,Sudan,NORTHERN AFRICA,46.9
Ibrahim Balandiya,1055831182,Stub,Sudan,NORTHERN AFRICA,46.9
Daud Bolad,1061629688,C,Sudan,NORTHERN AFRICA,46.9
Ahmed Diraige,1103941566,C,Sudan,NORTHERN AFRICA,46.9
Bishop Philip Abbas Ghaboush,1012661225,Stub,Sudan,NORTHERN AFRICA,46.9
Zakaria Chol Gideon Gakmar,1002869856,Stub,Sudan,NORTHERN AFRICA,46.9
Shartai Jaafar Abdel Hakam,1105520433,Stub,Sudan,NORTHERN AFRICA,46.9
Ja'afar Abdul El Hakh,789974403,Stub,Sudan,NORTHERN AFRICA,46.9
Osman Kebir,1025563424,Stub,Sudan,NORTHERN AFRICA,46.9
George Kongor Arop,1026498747,Stub,Sudan,NORTHERN AFRICA,46.9
Saeed Madibo,894929684,Stub,Sudan,NORTHERN AFRICA,46.9
Amin Mekki Medani,1098277987,C,Sudan,NORTHERN AFRICA,46.9
Jimmy Lemi Milla,1110668092,Start,Sudan,NORTHERN AFRICA,46.9
Muhammad Sa'id al-Qaddal,1100493448,C,Sudan,NORTHERN AFRICA,46.9
Muhammad Sharif (Kalifa),1050319332,Start,Sudan,NORTHERN AFRICA,46.9
Abdallahi ibn Muhammad,1092462251,GA,Sudan,NORTHERN AFRICA,46.9
Abdel Halim Muhammad,1095715393,Stub,Sudan,NORTHERN AFRICA,46.9
Abdul-Hamid Musa Kasha,1073676200,Stub,Sudan,NORTHERN AFRICA,46.9
Al Taib Mustafa,1106782827,Start,Sudan,NORTHERN AFRICA,46.9
Muhammad Nadi Pasha,1073123086,Start,Sudan,NORTHERN AFRICA,46.9
Theophilus Ochang,1026899751,Start,Sudan,NORTHERN AFRICA,46.9
Salih Mahmoud Osman,986231936,Start,Sudan,NORTHERN AFRICA,46.9
Ibrahim El-Salahi,1114079134,C,Sudan,NORTHERN AFRICA,46.9
Santino Deng Teng,1033617848,Start,Sudan,NORTHERN AFRICA,46.9
Simon Makwac Mayen,1106184658,Stub,Sudan,NORTHERN AFRICA,46.9
Eliaba James Surur,1104223419,Start,Sudan,NORTHERN AFRICA,46.9
Alhaj Adam Yousef,1040529764,Stub,Sudan,NORTHERN AFRICA,46.9
Yusuf al-Ajab,1082923942,Start,Sudan,NORTHERN AFRICA,46.9
Ashwin Adhin,1110227052,C,Suriname,SOUTH AMERICA,0.6
Caprino Alendy,1046386920,Start,Suriname,SOUTH AMERICA,0.6
Marinus Bee,1044261887,Start,Suriname,SOUTH AMERICA,0.6
Johannes Brons,1061430025,Start,Suriname,SOUTH AMERICA,0.6
Angelic Alihusain-del Castilho,972745173,Start,Suriname,SOUTH AMERICA,0.6
Johannes Cateau van Rosevelt,1074119308,Start,Suriname,SOUTH AMERICA,0.6
Fred Derby,1109371785,Start,Suriname,SOUTH AMERICA,0.6
Rashied Doekhi,1105642607,C,Suriname,SOUTH AMERICA,0.6
David George Findlay,1100754018,Start,Suriname,SOUTH AMERICA,0.6
Olton van Genderen,1061719983,C,Suriname,SOUTH AMERICA,0.6
Salikin Hardjo,1068851430,Start,Suriname,SOUTH AMERICA,0.6
George Hindori,1087130117,Start,Suriname,SOUTH AMERICA,0.6
Theo Jubitana,1098812478,C,Suriname,SOUTH AMERICA,0.6
Sylvia Kajoeramari,1112727480,Start,Suriname,SOUTH AMERICA,0.6
Krishna Mathoera,1110192935,Start,Suriname,SOUTH AMERICA,0.6
Amar Ramadhin,1007146722,Stub,Suriname,SOUTH AMERICA,0.6
Sewraam Rambaran Mishre,1110193614,Start,Suriname,SOUTH AMERICA,0.6
Grace Schneiders-Howard,1095800611,GA,Netherlands,WESTERN EUROPE,17.7
Grace Schneiders-Howard,1095800611,GA,Suriname,SOUTH AMERICA,0.6
Willy Soemita,1114207932,Start,Suriname,SOUTH AMERICA,0.6
Wim Bos Verschuur,1096953822,C,Suriname,SOUTH AMERICA,0.6
Saskia Walden,1112304854,Start,Suriname,SOUTH AMERICA,0.6
Grace Watamaleo,1112727543,Start,Suriname,SOUTH AMERICA,0.6
Jozef Weidmann,1037459272,C,Suriname,SOUTH AMERICA,0.6
Abraham Brodersson,1115163994,C,Sweden,NORTHERN EUROPE,10.5
Thoralf Alfsson,1105567274,Start,Sweden,NORTHERN EUROPE,10.5
Leila Ali Elmi,1111882241,Stub,Sweden,NORTHERN EUROPE,10.5
Alexandra Benado,1096936718,Start,Chile,SOUTH AMERICA,19.8
Alexandra Benado,1096936718,Start,Sweden,NORTHERN EUROPE,10.5
Bengt Snivil,1055951113,Stub,Sweden,NORTHERN EUROPE,10.5
Rudolf Fredrik Berg,1113096827,Start,Sweden,NORTHERN EUROPE,10.5
Birger Jarl,1106260454,GA,Sweden,NORTHERN EUROPE,10.5
Birger Brosa,1024623646,Start,Sweden,NORTHERN EUROPE,10.5
Axel Brusewitz,1039843620,Stub,Sweden,NORTHERN EUROPE,10.5
Nils Claëson,1093435562,Stub,Sweden,NORTHERN EUROPE,10.5
Petrus Olai Dalekarlus,1073651332,Stub,Sweden,NORTHERN EUROPE,10.5
Charles the Deaf,1114537749,Start,Sweden,NORTHERN EUROPE,10.5
Christoffer Dulny,1115365930,Start,Sweden,NORTHERN EUROPE,10.5
Klas Eklund,941420482,Start,Sweden,NORTHERN EUROPE,10.5
Martin Ekström,1065514763,Start,Sweden,NORTHERN EUROPE,10.5
Nils Elowsson,1080015839,Stub,Sweden,NORTHERN EUROPE,10.5
Folke the Fat,1101657785,Stub,Sweden,NORTHERN EUROPE,10.5
Hans Reinhold von Fersen,1068082355,Stub,Sweden,NORTHERN EUROPE,10.5
Clas Frietzcky,963414238,Stub,Sweden,NORTHERN EUROPE,10.5
Birger Furugård,1016969064,Start,Sweden,NORTHERN EUROPE,10.5
Hemming Gadh,1018541199,Start,Sweden,NORTHERN EUROPE,10.5
Anders Henriksson (politician),1095370812,Stub,Sweden,NORTHERN EUROPE,10.5
Carl P. Herslow,1112231330,Stub,Sweden,NORTHERN EUROPE,10.5
Harald Hjärne,1085490833,Stub,Sweden,NORTHERN EUROPE,10.5
Holmger Knutsson,1022950956,Start,Sweden,NORTHERN EUROPE,10.5
Ida Karkiainen,1111922174,Stub,Sweden,NORTHERN EUROPE,10.5
Albrecht Elof Ihre,962137372,Stub,Sweden,NORTHERN EUROPE,10.5
Gustav Kasselstrand,1111499686,GA,Sweden,NORTHERN EUROPE,10.5
Mats Kettilmundsson,974588670,Start,Sweden,NORTHERN EUROPE,10.5
Per Klarberg,1067229019,Stub,Sweden,NORTHERN EUROPE,10.5
Sture Korpi,1098860122,Stub,Sweden,NORTHERN EUROPE,10.5
Peeter Luksep,1067164381,Stub,Sweden,NORTHERN EUROPE,10.5
Eskil Magnusson,1103368159,Start,Sweden,NORTHERN EUROPE,10.5
Stig Malm,1100349229,Start,Sweden,NORTHERN EUROPE,10.5
Ture Malmgren,993905483,GA,Sweden,NORTHERN EUROPE,10.5
Magnus Minniskiöld,1055950775,C,Sweden,NORTHERN EUROPE,10.5
Omar Mustafa,1114431170,Start,Sweden,NORTHERN EUROPE,10.5
Gustaf Nyblæus (1816),907294516,Stub,Sweden,NORTHERN EUROPE,10.5
Sven-Olle Olsson,1037993994,Stub,Sweden,NORTHERN EUROPE,10.5
Vera Oredsson,1113634951,Start,Sweden,NORTHERN EUROPE,10.5
Gabriel Gustafsson Oxenstierna,1113096968,C,Sweden,NORTHERN EUROPE,10.5
Carl Fredrik Pechlin,1036926715,Start,Sweden,NORTHERN EUROPE,10.5
Carl Piper,1095944691,Start,Sweden,NORTHERN EUROPE,10.5
Filip Julius Bernhard von Platen,1048198762,Stub,Sweden,NORTHERN EUROPE,10.5
Tomas Polus,1113516314,Stub,Sweden,NORTHERN EUROPE,10.5
Nils Reuterholm,1090429369,Stub,Sweden,NORTHERN EUROPE,10.5
Qristina Ribohn,1004037375,Start,Sweden,NORTHERN EUROPE,10.5
Oliver Rosengren,1115281232,Stub,Sweden,NORTHERN EUROPE,10.5
Karl Gustaf Scherman,1065373172,Stub,Sweden,NORTHERN EUROPE,10.5
Erik Carlsson Sjöblad,1009863371,Start,Sweden,NORTHERN EUROPE,10.5
Jacob Magnus Sprengtporten,1113778594,C,Finland,NORTHERN EUROPE,5.6
Jacob Magnus Sprengtporten,1113778594,C,Sweden,NORTHERN EUROPE,10.5
Jimmy Ståhl,1111884033,Stub,Sweden,NORTHERN EUROPE,10.5
Adolf Ludvig Stierneld,1089584584,Start,Sweden,NORTHERN EUROPE,10.5
Gustaf Algernon Stierneld,1085266368,Stub,Sweden,NORTHERN EUROPE,10.5
Vávra Suk,1015480636,Stub,Sweden,NORTHERN EUROPE,10.5
Peter Sunde,1113754172,C,Sweden,NORTHERN EUROPE,10.5
Anders Sundström,1113107487,Stub,Sweden,NORTHERN EUROPE,10.5
August Tamm,1071178122,Stub,Sweden,NORTHERN EUROPE,10.5
Robert Macfie Thorburn,1081619244,Start,Sweden,NORTHERN EUROPE,10.5
Jessica Thunander,1054908517,Stub,Sweden,NORTHERN EUROPE,10.5
Lars Törnman,1036368817,Stub,Sweden,NORTHERN EUROPE,10.5
Gustaf af Wetterstedt,1115533138,Stub,Sweden,NORTHERN EUROPE,10.5
Bertil Zachrisson,1081155174,Stub,Sweden,NORTHERN EUROPE,10.5
Céline Amaudruz,1078966867,Stub,Switzerland,WESTERN EUROPE,8.8
Beat Arnold,1103551315,Start,Switzerland,WESTERN EUROPE,8.8
Mustafa Atici,1093168910,Start,Switzerland,WESTERN EUROPE,8.8
Gallus Jacob Baumgartner,1034339108,Start,Switzerland,WESTERN EUROPE,8.8
Martin Bäumle,1113180976,Start,Switzerland,WESTERN EUROPE,8.8
Pierre François Bellot,1085380321,Stub,Switzerland,WESTERN EUROPE,8.8
Jacqueline Berenstein-Wavre,1098279107,Start,Switzerland,WESTERN EUROPE,8.8
Peter Bodenmann,1097652987,C,Switzerland,WESTERN EUROPE,8.8
Ulrich Bremi,1109100989,Stub,Switzerland,WESTERN EUROPE,8.8
Achille Casanova,1109101260,Start,Switzerland,WESTERN EUROPE,8.8
Conradin Cramer,1109136165,Start,Switzerland,WESTERN EUROPE,8.8
Niklaus Dachselhofer,989253083,Stub,Switzerland,WESTERN EUROPE,8.8
Sigmund von Erlach,1047996896,Stub,Switzerland,WESTERN EUROPE,8.8
Heinrich Escher,1051201875,Stub,Switzerland,WESTERN EUROPE,8.8
Johann Rudolf Faesch,1109260563,Stub,Switzerland,WESTERN EUROPE,8.8
Peter Falck,1113518708,GA,Switzerland,WESTERN EUROPE,8.8
Franz Rudolf Frisching,1025992173,Start,Switzerland,WESTERN EUROPE,8.8
Urs Glutz von Blotzheim,1079107579,Stub,Switzerland,WESTERN EUROPE,8.8
Jürg Grossen,1113181116,Start,Switzerland,WESTERN EUROPE,8.8
Tim Guldimann,1114164708,Start,Switzerland,WESTERN EUROPE,8.8
Georg Friedrich Heilmann,1065849307,Stub,Switzerland,WESTERN EUROPE,8.8
Thomas Helbling,1097655440,Start,Switzerland,WESTERN EUROPE,8.8
Eva Herzog,1113518226,Start,Switzerland,WESTERN EUROPE,8.8
David Hess (painter),1088977153,Start,Switzerland,WESTERN EUROPE,8.8
Karl Otto Hunziker,1073762856,Start,Switzerland,WESTERN EUROPE,8.8
Beat Jans,1109261316,C,Switzerland,WESTERN EUROPE,8.8
Walter Kälin,1097656534,C,Switzerland,WESTERN EUROPE,8.8
Frédéric-César de La Harpe,1103177637,C,Switzerland,WESTERN EUROPE,8.8
Georgie Lamon,1065924058,Stub,Switzerland,WESTERN EUROPE,8.8
Paul Lüönd,1073049884,Stub,Switzerland,WESTERN EUROPE,8.8
Ferdinand Masset,947627249,Stub,Switzerland,WESTERN EUROPE,8.8
Frank Melloul,1110313720,C,Switzerland,WESTERN EUROPE,8.8
Guy Mettan,1099961825,Start,Switzerland,WESTERN EUROPE,8.8
Jakob Meyer zum Hasen,1109307770,C,Switzerland,WESTERN EUROPE,8.8
Kurt Meyer (Lucerne),1114680785,Stub,Switzerland,WESTERN EUROPE,8.8
Sophie Michaud Gigon,1016857420,Start,Switzerland,WESTERN EUROPE,8.8
Peter Ochs,1013192676,Start,Switzerland,WESTERN EUROPE,8.8
Giovanni Orelli,1066004666,Start,Switzerland,WESTERN EUROPE,8.8
Ludwig Pfyffer,1077498198,Start,Switzerland,WESTERN EUROPE,8.8
Valérie Piller Carrard,1054866115,Start,Switzerland,WESTERN EUROPE,8.8
Ital Reding the Elder,1050573175,Start,Switzerland,WESTERN EUROPE,8.8
Jules Repond,1026286888,Start,Switzerland,WESTERN EUROPE,8.8
Farah Rumy,1101258104,Start,Switzerland,WESTERN EUROPE,8.8
Vinzenz Rüttimann,1101460842,C,Switzerland,WESTERN EUROPE,8.8
Sergio Salvioni,1104342564,Start,Switzerland,WESTERN EUROPE,8.8
Alfred Emanuel Sarasin,1112830593,Stub,Switzerland,WESTERN EUROPE,8.8
Nicolas Théodore de Saussure,1112325459,GA,Switzerland,WESTERN EUROPE,8.8
Peter-Josef Schallberger,1022570699,Stub,Switzerland,WESTERN EUROPE,8.8
Josef Scherrer,1045327007,Stub,Switzerland,WESTERN EUROPE,8.8
Guy-Olivier Segond,1105606820,C,Switzerland,WESTERN EUROPE,8.8
André Simonazzi,1096441273,Start,Switzerland,WESTERN EUROPE,8.8
Carlo Sommaruga,1112581627,Start,Switzerland,WESTERN EUROPE,8.8
Niklaus Friedrich von Steiger,1108836802,Stub,Switzerland,WESTERN EUROPE,8.8
Charles-Alexandre Steinhäuslin,942439844,Start,Switzerland,WESTERN EUROPE,8.8
Hansjörg Trachsel,1019997611,Start,Switzerland,WESTERN EUROPE,8.8
Paul Usteri,1081662107,Start,Switzerland,WESTERN EUROPE,8.8
Eric Weber,1078967037,Start,Switzerland,WESTERN EUROPE,8.8
Johann Rudolf Wettstein,1109870613,GA,Switzerland,WESTERN EUROPE,8.8
Karl Emil Wild,1068658484,Start,Switzerland,WESTERN EUROPE,8.8
Louis Wyrsch,1078281666,C,Switzerland,WESTERN EUROPE,8.8
Paul Wyss,1110030427,Stub,Switzerland,WESTERN EUROPE,8.8
Theodor Ab Yberg,1022570814,Stub,Switzerland,WESTERN EUROPE,8.8
Sebastian Peregrin Zwyer,1090177502,Start,Switzerland,WESTERN EUROPE,8.8
Abdul-Aziz al-Khair,1055121509,C,Syria,WESTERN ASIA,22.1
Adil Arslan,1115642647,C,Syria,WESTERN ASIA,22.1
Mohammed Akkad,1088148970,Stub,Syria,WESTERN ASIA,22.1
Sultan al-Atrash,1115642685,C,Syria,WESTERN ASIA,22.1
Ayyash Al-Haj,1114418908,GA,Syria,WESTERN ASIA,22.1
Ghias Barakat,1099141929,C,Syria,WESTERN ASIA,22.1
Subhi Bey Barakat,1115422743,Start,Syria,WESTERN ASIA,22.1
Abdul Qader Barmada,1088149351,Stub,Syria,WESTERN ASIA,22.1
Tawfiq Bay,1031788885,Start,Syria,WESTERN ASIA,22.1
Ibrahim Biro,955779707,Start,Syria,WESTERN ASIA,22.1
Amir al-Dandal,994545216,Start,Syria,WESTERN ASIA,22.1
Abd al-Razzaq al-Dandashi,1063356756,Start,Syria,WESTERN ASIA,22.1
Ahmad Diyab,1100437054,Stub,Syria,WESTERN ASIA,22.1
Hadad-yith'i,1102614042,C,Syria,WESTERN ASIA,22.1
Hisham Marwah,1111799084,Stub,Syria,WESTERN ASIA,22.1
Edmond Al-Homsi,1090859570,Stub,Syria,WESTERN ASIA,22.1
Ghassan Ibrahim,1099026087,Start,Syria,WESTERN ASIA,22.1
Ihsan Al Jabri,1056547219,Stub,Syria,WESTERN ASIA,22.1
Jihad Makdissi,1095025923,C,Syria,WESTERN ASIA,22.1
Mohammad Jumah,1031226079,Stub,Syria,WESTERN ASIA,22.1
Sami al-Jundi,1085225687,C,Syria,WESTERN ASIA,22.1
Kamal al-Qassab,1046716585,Stub,Syria,WESTERN ASIA,22.1
Kamil Pasha al-Qudsi,1114426805,Stub,Syria,WESTERN ASIA,22.1
Fayez al-Khoury,1101097473,Stub,Syria,WESTERN ASIA,22.1
Mar'i Pasha al-Mallah,1114426843,Start,Syria,WESTERN ASIA,22.1
Hrant Maloyan,1114902744,C,Armenia,WESTERN ASIA,3.0
Hrant Maloyan,1114902744,C,Syria,WESTERN ASIA,22.1
Antun Maqdisi,1012298345,Start,Syria,WESTERN ASIA,22.1
Mahmoud Ahmad Marei,1096423511,Start,Syria,WESTERN ASIA,22.1
Muhammad Talab Hilal,1091046608,C,Syria,WESTERN ASIA,22.1
Mustafa al-Siba'i,1101678254,Start,Syria,WESTERN ASIA,22.1
Shukri al-Quwatli,1114418977,FA,Syria,WESTERN ASIA,22.1
Munif Razzaz,1104186608,GA,Syria,WESTERN ASIA,22.1
Nasim al-Safarjalani,1032834084,Start,Syria,WESTERN ASIA,22.1
Salem al-Meslet,1103824812,Stub,Syria,WESTERN ASIA,22.1
Muhammad al-Sufi,1106267269,C,Syria,WESTERN ASIA,22.1
Mohammad Farouk Tayfour,940373945,Stub,Syria,WESTERN ASIA,22.1
Liu Yongfu,1102541692,C,Taiwan,EAST ASIA,23.2
Qiu Fengjia,1031398824,Start,Taiwan,EAST ASIA,23.2
Xie Jieshi,1111816567,Start,Taiwan,EAST ASIA,23.2
Zheng Jing,1108206522,C,Taiwan,EAST ASIA,23.2
Zheng Kezang,1065962947,Stub,Taiwan,EAST ASIA,23.2
Olimzhon Boboyev,1072391123,Stub,Tajikistan,CENTRAL ASIA,10.0
Torokul Dzhanuzakov,1092752457,C,Kazakhstan,CENTRAL ASIA,19.2
Torokul Dzhanuzakov,1092752457,C,Kyrgyzstan,CENTRAL ASIA,6.8
Torokul Dzhanuzakov,1092752457,C,Tajikistan,CENTRAL ASIA,10.0
Torokul Dzhanuzakov,1092752457,C,Uzbekistan,CENTRAL ASIA,35.6
Mahmadali Hayit,1067502414,Start,Tajikistan,CENTRAL ASIA,10.0
Muhiddin Kabiri,1098146744,Start,Tajikistan,CENTRAL ASIA,10.0
Bobo Makhamov,1090454878,Start,Tajikistan,CENTRAL ASIA,10.0
Maksud Ibragimov,994061655,Start,Tajikistan,CENTRAL ASIA,10.0
Nusratullo Maksum,1073969305,Stub,Tajikistan,CENTRAL ASIA,10.0
Ghaffor Mirzoyev,1069201815,Start,Tajikistan,CENTRAL ASIA,10.0
Abduhalim Nazarzoda,1075757785,Start,Tajikistan,CENTRAL ASIA,10.0
Umarali Quvvatov,1113522608,C,Tajikistan,CENTRAL ASIA,10.0
Alim Sherzamonov,996472390,Start,Tajikistan,CENTRAL ASIA,10.0
Shirinsho Shotemur,1082920035,C,Tajikistan,CENTRAL ASIA,10.0
Bozor Sobir,1107271492,B,Tajikistan,CENTRAL ASIA,10.0
Shukhrat Sultonov,1051046215,C,Tajikistan,CENTRAL ASIA,10.0
Nur Tabar,1105010664,Stub,Tajikistan,CENTRAL ASIA,10.0
Timothy Apiyo,1065741413,Stub,Tanzania,EAST AFRICA,65.5
Maurice Henry Dorman,1087530718,Start,Tanzania,EAST AFRICA,65.5
Fundikira III,1047557188,Start,Tanzania,EAST AFRICA,65.5
Josephat Gwajima,1068157438,Start,Tanzania,EAST AFRICA,65.5
Issa Kassim Issa,1099825065,Stub,Tanzania,EAST AFRICA,65.5
Barbro Cecilia Johansson,1112314591,Start,Tanzania,EAST AFRICA,65.5
Bonnah Kaluwa,1109169773,Start,Tanzania,EAST AFRICA,65.5
Jeremiah Kasambala,1014980814,Start,Tanzania,EAST AFRICA,65.5
Hemed Khamis,1065741571,Stub,Tanzania,EAST AFRICA,65.5
Adam Kimbisa,1096079486,Stub,Tanzania,EAST AFRICA,65.5
Saed Kubenea,1006418003,Stub,Tanzania,EAST AFRICA,65.5
Elias John Kwandikwa,1115284285,Start,Tanzania,EAST AFRICA,65.5
Theddy Ladislaus,1105549865,Start,Tanzania,EAST AFRICA,65.5
Paul Makonda,1096157701,Start,Tanzania,EAST AFRICA,65.5
Julie Manning,1100313435,Stub,Tanzania,EAST AFRICA,65.5
Salome Joseph Mbatia,1074130433,Start,Tanzania,EAST AFRICA,65.5
Ruth Hiyob Mollel,1101873461,Start,Tanzania,EAST AFRICA,65.5
Albert Msando,1110162819,Stub,Tanzania,EAST AFRICA,65.5
John Mwakangale,1063354492,C,Tanzania,EAST AFRICA,65.5
Juma Mwapachu,1065735778,Start,Tanzania,EAST AFRICA,65.5
Abdullah Mwinyi,1106388815,Start,Tanzania,EAST AFRICA,65.5
Asanterabi Zephaniah Nsilo Swai,1012818477,Start,Tanzania,EAST AFRICA,65.5
Mateo Qares,1007481132,Stub,Tanzania,EAST AFRICA,65.5
Augustino Ramadhani,1110752912,B,Tanzania,EAST AFRICA,65.5
Catherine Ruge,1104077288,Start,Tanzania,EAST AFRICA,65.5
Festo Sanga,1087520602,Start,Tanzania,EAST AFRICA,65.5
Mwita Waitara,1006421933,Stub,Tanzania,EAST AFRICA,65.5
Akanat Promphan,1102141395,Start,Thailand,SOUTHEAST ASIA,66.8
Borwornsak Uwanno,1100021618,C,Thailand,SOUTHEAST ASIA,66.8
Chada Thaiseth,1067189659,Stub,Thailand,SOUTHEAST ASIA,66.8
Charoen Suepsaeng,1106944464,Stub,Thailand,SOUTHEAST ASIA,66.8
Chatchawal Kong-udom,1067181115,Stub,Thailand,SOUTHEAST ASIA,66.8
Chob Yodkaew,1067190492,Stub,Thailand,SOUTHEAST ASIA,66.8
Chonlanan Srikaew,1115166646,Start,Thailand,SOUTHEAST ASIA,66.8
Chuwit Chitsakul,1067190867,Start,Thailand,SOUTHEAST ASIA,66.8
Hangthong Thammawattana,1099504450,C,Thailand,SOUTHEAST ASIA,66.8
Khrong Chandawong,1064263898,C,Thailand,SOUTHEAST ASIA,66.8
Pallop Pinmanee,1112468667,C,Thailand,SOUTHEAST ASIA,66.8
Phayom Chulanont,1059748987,Start,Thailand,SOUTHEAST ASIA,66.8
Pita Limjaroenrat,1067174860,C,Thailand,SOUTHEAST ASIA,66.8
Piyabutr Saengkanokkul,1093503992,Start,Thailand,SOUTHEAST ASIA,66.8
Phraya Ratsadanupradit Mahitsaraphakdi,1110844684,Stub,Thailand,SOUTHEAST ASIA,66.8
Samak Jalikula,1102491662,Stub,Thailand,SOUTHEAST ASIA,66.8
Sang Phathanothai,1063962752,Start,Thailand,SOUTHEAST ASIA,66.8
Sereepisuth Temeeyaves,1110915859,C,Thailand,SOUTHEAST ASIA,66.8
Sodsai Rungphothong,1064264189,Stub,Thailand,SOUTHEAST ASIA,66.8
Sophon Suphapong,1056597902,Stub,Thailand,SOUTHEAST ASIA,66.8
Surangkana Wayuparb,1059397645,C,Thailand,SOUTHEAST ASIA,66.8
Teerakiat Jaroensettasin,1110929522,Stub,Thailand,SOUTHEAST ASIA,66.8
Thamanat Prompow,1108412672,C,Thailand,SOUTHEAST ASIA,66.8
Thanathorn Juangroongruangkit,1114394512,GA,Thailand,SOUTHEAST ASIA,66.8
Tiang Sirikhanth,1074937608,Start,Thailand,SOUTHEAST ASIA,66.8
Vichien Khaokham,1076752543,Stub,Thailand,SOUTHEAST ASIA,66.8
Luang Wichitwathakan,1112401497,C,Thailand,SOUTHEAST ASIA,66.8
Yat Hwaidi,1081234427,Stub,Cambodia,SOUTHEAST ASIA,16.8
Yat Hwaidi,1081234427,Stub,Thailand,SOUTHEAST ASIA,66.8
Aliança de Araújo,1059363091,Start,Timor-Leste,SOUTHEAST ASIA,1.3
Manuel Carrascalão,1071880738,Start,Indonesia,SOUTHEAST ASIA,275.5
Manuel Carrascalão,1071880738,Start,Timor-Leste,SOUTHEAST ASIA,1.3
María do Céu,1112159193,Start,Timor-Leste,SOUTHEAST ASIA,1.3
Brigida Antónia Correia,1059174694,Start,Timor-Leste,SOUTHEAST ASIA,1.3
Isabel da Costa Ferreira,1112773533,C,Timor-Leste,SOUTHEAST ASIA,1.3
Albina Marçal Freitas,1112274488,Start,Timor-Leste,SOUTHEAST ASIA,1.3
Ángela Freitas,1085081003,Start,Timor-Leste,SOUTHEAST ASIA,1.3
Justino Mota,1099899758,Start,Timor-Leste,SOUTHEAST ASIA,1.3
Maria da Paixão da Costa,1076208477,Stub,Timor-Leste,SOUTHEAST ASIA,1.3
Olinda Morais,1009671491,Start,Timor-Leste,SOUTHEAST ASIA,1.3
Manuel Magalhaes de Oliveira,982569489,Stub,Timor-Leste,SOUTHEAST ASIA,1.3
Alfredo Pires,1082511668,Stub,Timor-Leste,SOUTHEAST ASIA,1.3
Nino Konis Santana,1080700969,Stub,Timor-Leste,SOUTHEAST ASIA,1.3
José Abílio Osório Soares,1112065021,Start,Timor-Leste,SOUTHEAST ASIA,1.3
João da Costa Tavares,1095266698,C,Timor-Leste,SOUTHEAST ASIA,1.3
Mário Viegas Carrascalão,1072430980,C,Timor-Leste,SOUTHEAST ASIA,1.3
Maria Terezinha Viegas,1112159660,Start,Timor-Leste,SOUTHEAST ASIA,1.3
Kafui Adjamagbo-Johnson,1090161620,Start,Togo,WESTERN AFRICA,8.8
Angèle Dola Akofa Aguigah,1099133088,C,Togo,WESTERN AFRICA,8.8
Robert Ajavon,1029012283,Stub,Togo,WESTERN AFRICA,8.8
Martin Aku,1104074508,Stub,Togo,WESTERN AFRICA,8.8
Claude Améganvi,1058532619,Stub,Togo,WESTERN AFRICA,8.8
Jacques Amouzou,1053650959,Start,Togo,WESTERN AFRICA,8.8
Emmanuel Bodjollé,1097121652,Stub,Togo,WESTERN AFRICA,8.8
Clément Nyaletsossi Voule,1090090358,Start,Togo,WESTERN AFRICA,8.8
Cokossi,1009161958,Stub,Togo,WESTERN AFRICA,8.8
Kléber Dadjo,1107904661,Start,Togo,WESTERN AFRICA,8.8
Roland Kpotsra,1053651540,Start,Togo,WESTERN AFRICA,8.8
Issifou Tabiou Taffa,1053650955,Start,Togo,WESTERN AFRICA,8.8
Kodjo Amegnisso Tossou,1053651076,Stub,Togo,WESTERN AFRICA,8.8
Mawupé Valentin Vovor,1112734687,C,Togo,WESTERN AFRICA,8.8
Sani Yaya,1053651558,Start,Togo,WESTERN AFRICA,8.8
Enele Maʻafu,1073889279,C,Tonga,OCEANIA,0.1
Viliami Tupoulahi Mailefihi Tuku'aho,1104880192,C,Tonga,OCEANIA,0.1
ʻUluvalu,1033944232,Start,Tonga,OCEANIA,0.1
Henry Alcazar,1114543929,C,Trinidad and Tobago,CARIBBEAN,1.4
James Biggart,997397935,C,Trinidad and Tobago,CARIBBEAN,1.4
Cyrus Prudhomme David,1114543502,C,Trinidad and Tobago,CARIBBEAN,1.4
William Demas,1110258782,Stub,Trinidad and Tobago,CARIBBEAN,1.4
Gypsy (calypsonian),1073541281,Start,Trinidad and Tobago,CARIBBEAN,1.4
Isaac Hope,1023309148,Start,Trinidad and Tobago,CARIBBEAN,1.4
Martin Joseph,1064729103,Start,Trinidad and Tobago,CARIBBEAN,1.4
Kenneth Lalla,1098116781,Stub,Trinidad and Tobago,CARIBBEAN,1.4
Emmanuel Mzumbo Lazare,1098116908,C,Trinidad and Tobago,CARIBBEAN,1.4
Randall Mitchell,1108114284,Start,Trinidad and Tobago,CARIBBEAN,1.4
Arnold Piggott,1071023974,Stub,Trinidad and Tobago,CARIBBEAN,1.4
"David Pitt, Baron Pitt of Hampstead",1115760392,C,Trinidad and Tobago,CARIBBEAN,1.4
Kevin Ramnarine,1108968759,Stub,Trinidad and Tobago,CARIBBEAN,1.4
Sarran Teelucksingh,1093142640,C,Trinidad and Tobago,CARIBBEAN,1.4
Ronald Jay Williams,1066949906,C,Trinidad and Tobago,CARIBBEAN,1.4
Hugh Wooding,1112081002,Start,Trinidad and Tobago,CARIBBEAN,1.4
Habib Achour,1029574553,Stub,Tunisia,NORTHERN AFRICA,11.8
Mekki Aloui,1041433441,Stub,Tunisia,NORTHERN AFRICA,11.8
Ferjani Bel Haj Ammar,1030173862,Stub,Tunisia,NORTHERN AFRICA,11.8
Chedly Ayari,1114437741,C,Tunisia,NORTHERN AFRICA,11.8
Mahmoud Ben Ayed,1050087390,C,Tunisia,NORTHERN AFRICA,11.8
Mounir Baatour,1110930036,Start,Tunisia,NORTHERN AFRICA,11.8
Selma Baccar,1044685883,C,Tunisia,NORTHERN AFRICA,11.8
Yadh Ben Achour,1101801981,Start,Tunisia,NORTHERN AFRICA,11.8
Ahmed Ben Salah,1061990220,C,Tunisia,NORTHERN AFRICA,11.8
Leila Ben-Gacem,1106842255,C,Tunisia,NORTHERN AFRICA,11.8
Mohamed Nejib Berriche,1100422221,Stub,Tunisia,NORTHERN AFRICA,11.8
Ghazi Chaouachi,1094076051,Stub,Tunisia,NORTHERN AFRICA,11.8
Ali Chaouch,1101144527,Start,Tunisia,NORTHERN AFRICA,11.8
Mohamed Charfi,1098183988,Start,Tunisia,NORTHERN AFRICA,11.8
Mohamed Messaoud Chebbi,1105924035,Stub,Tunisia,NORTHERN AFRICA,11.8
Ahmad ibn Abi Diyaf,1111867713,B,Tunisia,NORTHERN AFRICA,11.8
Mahmoud Djellouli,1114898394,Start,Tunisia,NORTHERN AFRICA,11.8
Mohamed Salah Fliss,1021846452,C,Tunisia,NORTHERN AFRICA,11.8
Mohamed Ghannouchi,1102676192,C,Tunisia,NORTHERN AFRICA,11.8
Rached Ghannouchi,1109470504,GA,Tunisia,NORTHERN AFRICA,11.8
Sadok Ghileb,861531572,Stub,Tunisia,NORTHERN AFRICA,11.8
Nebiha Gueddana,1081299179,C,Tunisia,NORTHERN AFRICA,11.8
Mezri Haddad,1073970528,C,Tunisia,NORTHERN AFRICA,11.8
Radhia Haddad,1069945711,Start,Tunisia,NORTHERN AFRICA,11.8
Ali Bach Hamba,1058096753,Start,Tunisia,NORTHERN AFRICA,11.8
Mohamed Hechmi Hamdi,1046545949,Start,Tunisia,NORTHERN AFRICA,11.8
Kamel Jendoubi,1096588426,C,Tunisia,NORTHERN AFRICA,11.8
Faten Kallel,1104318224,Start,Tunisia,NORTHERN AFRICA,11.8
Ibrahim Kassas,1006730604,Stub,Tunisia,NORTHERN AFRICA,11.8
Othman Kechrid,1098427519,Start,Tunisia,NORTHERN AFRICA,11.8
Omezzine Khelifa,1108838195,Start,Tunisia,NORTHERN AFRICA,11.8
Slaheddine Maaoui,1106829472,Start,Tunisia,NORTHERN AFRICA,11.8
Selma Hédia Mabrouk,1106121277,GA,Tunisia,NORTHERN AFRICA,11.8
Zouhair Maghzaoui,1049597900,Stub,Tunisia,NORTHERN AFRICA,11.8
Seifeddine Makhlouf,1102503035,Stub,Tunisia,NORTHERN AFRICA,11.8
Mohamed Masmoudi,1061142712,Stub,Tunisia,NORTHERN AFRICA,11.8
Mustapha Masmoudi,1090592661,Stub,Tunisia,NORTHERN AFRICA,11.8
Tarak Mekki,1061580986,Start,Tunisia,NORTHERN AFRICA,11.8
Ahmed Mestiri,1107510416,Stub,Tunisia,NORTHERN AFRICA,11.8
Abir Moussi,1107177286,C,Tunisia,NORTHERN AFRICA,11.8
Naceur Ben Jaâfar,994431648,C,Tunisia,NORTHERN AFRICA,11.8
Nizar Ben Néji,1106907647,Start,Tunisia,NORTHERN AFRICA,11.8
Mahmud Qabadu,1085035197,B,Tunisia,NORTHERN AFRICA,11.8
Giuseppe Raffo,1100063840,C,Tunisia,NORTHERN AFRICA,11.8
Mustapha Saheb Ettabaa,1097001600,Start,Tunisia,NORTHERN AFRICA,11.8
Salah Farhat,1080735914,C,Tunisia,NORTHERN AFRICA,11.8
Saïda Sassi,1049417844,C,Tunisia,NORTHERN AFRICA,11.8
Béchir Sfar,1065301288,GA,Tunisia,NORTHERN AFRICA,11.8
Tahar Sfar,1098187195,C,Tunisia,NORTHERN AFRICA,11.8
Ahmed Tlili,1100681508,C,Tunisia,NORTHERN AFRICA,11.8
Imed Trabelsi,1109307513,C,Tunisia,NORTHERN AFRICA,11.8
Tahar Zaouche,1086366147,Start,Tunisia,NORTHERN AFRICA,11.8
Mohamed Larbi Zarrouk,1024945176,Start,Tunisia,NORTHERN AFRICA,11.8
Ali Zouaoui,1061578606,Stub,Tunisia,NORTHERN AFRICA,11.8
Avni Akyol,972819844,Start,Turkey,WESTERN ASIA,85.2
Ali Cenani,1080863717,Start,Turkey,WESTERN ASIA,85.2
Cihan Alptekin,1103635235,Stub,Turkey,WESTERN ASIA,85.2
Kadri Altay,1046410960,Stub,Turkey,WESTERN ASIA,85.2
Fahrettin Altun,1102307873,Start,Turkey,WESTERN ASIA,85.2
Oğuzhan Asiltürk,1111940370,Start,Turkey,WESTERN ASIA,85.2
Abdulrahman Bashkan,979420832,Start,Turkey,WESTERN ASIA,85.2
Hasan Basri Güzeloğlu,1032453138,Stub,Turkey,WESTERN ASIA,85.2
Tuna Bekleviç,1111944564,C,Turkey,WESTERN ASIA,85.2
Cemil Bilsel,1048701310,Start,Turkey,WESTERN ASIA,85.2
Metin Bostancıoğlu,1006915445,Stub,Turkey,WESTERN ASIA,85.2
Burhan Belge,1105927779,Stub,Turkey,WESTERN ASIA,85.2
Ahmet Çakır,1113419966,Stub,Turkey,WESTERN ASIA,85.2
Sabahattin Cevheri,1080005744,Stub,Turkey,WESTERN ASIA,85.2
Tuncay Dinç,1074731026,Start,Turkey,WESTERN ASIA,85.2
Fatih Dönmez,1113668668,Start,Turkey,WESTERN ASIA,85.2
Zeki Eker,1113132655,Start,Turkey,WESTERN ASIA,85.2
Eyüp Sabri Hayırlıoğlu,1072980918,Stub,Turkey,WESTERN ASIA,85.2
Ali Fidan,1111306630,Start,Turkey,WESTERN ASIA,85.2
Taha Genç,999572645,Start,Turkey,WESTERN ASIA,85.2
Hafız Mehmet,1070902114,C,Turkey,WESTERN ASIA,85.2
Hasan Reşit Tankut,1105466117,C,Turkey,WESTERN ASIA,85.2
Suphi Nuri İleri,1097981546,Stub,Turkey,WESTERN ASIA,85.2
Ali İnci,1078191854,Stub,Turkey,WESTERN ASIA,85.2
Atıf Kamçıl,1114425467,C,Turkey,WESTERN ASIA,85.2
Gülizar Biçer Karaca,1098029081,Start,Turkey,WESTERN ASIA,85.2
Tuncer Kayalar,1063422822,Start,Turkey,WESTERN ASIA,85.2
İmran Kılıç,1099828216,Stub,Turkey,WESTERN ASIA,85.2
Ertuğrul Mat,1094920450,Start,Turkey,WESTERN ASIA,85.2
Abdurrahman Melek,1081860109,Start,Turkey,WESTERN ASIA,85.2
Mustafa Arif Deymer,1114426898,Start,Turkey,WESTERN ASIA,85.2
Mustafa Baki Ersoy,1112461007,Stub,Turkey,WESTERN ASIA,85.2
Memduh Oğuz,1106742651,Start,Turkey,WESTERN ASIA,85.2
Saruhan Oluç,1087058807,Start,Turkey,WESTERN ASIA,85.2
Fuat Necati Öncel,1107204738,Start,Turkey,WESTERN ASIA,85.2
Cahit Ortaç,1102536671,Stub,Turkey,WESTERN ASIA,85.2
Osman Nuri Önügören,1098309565,Start,Turkey,WESTERN ASIA,85.2
Korkut Özal,1096600808,Start,Turkey,WESTERN ASIA,85.2
Faik Ali Ozansoy,1087125829,C,Turkey,WESTERN ASIA,85.2
Vahdettin Özkan,1105548891,Start,Turkey,WESTERN ASIA,85.2
Musa Piroğlu,1011055984,Start,Turkey,WESTERN ASIA,85.2
Reşit Ronabar,1107235915,Stub,Turkey,WESTERN ASIA,85.2
Mustafa Sabri,1114427656,C,Turkey,WESTERN ASIA,85.2
Namık Kemal Şentürk,1101759070,Stub,Turkey,WESTERN ASIA,85.2
Kader Sevinc,940385995,Stub,Turkey,WESTERN ASIA,85.2
Hüseyin Sungur,1109008689,Stub,Turkey,WESTERN ASIA,85.2
Hacı Garip Taner,994034094,Start,Turkey,WESTERN ASIA,85.2
Kemal Tekden,1065754568,Stub,Turkey,WESTERN ASIA,85.2
Mustafa Timisi,1096296979,Start,Turkey,WESTERN ASIA,85.2
Tunalı Hilmi,1115754313,C,Turkey,WESTERN ASIA,85.2
Turgut Okyay,1098310527,Start,Turkey,WESTERN ASIA,85.2
Ziya Uğur,1087058939,Stub,Turkey,WESTERN ASIA,85.2
Suut Kemal Yetkin,1107549467,Start,Turkey,WESTERN ASIA,85.2
Serdar Hüseyin Yıldırım,1082780319,Stub,Turkey,WESTERN ASIA,85.2
Ahmet Reyiz Yılmaz,1060518774,Start,Turkey,WESTERN ASIA,85.2
Baha Cemal Zağra,1087058074,Stub,Turkey,WESTERN ASIA,85.2
Khalnazar Agakhanov,1069230773,Stub,Turkmenistan,CENTRAL ASIA,6.4
Saparmyrat Batyrow,905078855,Stub,Turkmenistan,CENTRAL ASIA,6.4
Annaguly Deryayev,1033082438,Stub,Turkmenistan,CENTRAL ASIA,6.4
Shamuhammet Durdylyyev,1077529862,C,Turkmenistan,CENTRAL ASIA,6.4
Mammetmyrat Geldinyyazov,1033103406,Stub,Turkmenistan,CENTRAL ASIA,6.4
Akmyrat Rejepow,1106343655,Stub,Turkmenistan,CENTRAL ASIA,6.4
Ata Serdarov,1082411763,Start,Turkmenistan,CENTRAL ASIA,6.4
Nazar Suyunov,1098282032,Stub,Turkmenistan,CENTRAL ASIA,6.4
Teniku Talesi,1105357928,Start,Tuvalu,OCEANIA,0.0
Ielemia Ministry,1110459840,Start,Tuvalu,OCEANIA,0.0
Iakoba Italeli,1112876425,GA,Tuvalu,OCEANIA,0.0
Lotoala Metia,1048653554,C,Tuvalu,OCEANIA,0.0
Henry Naisali,1067976437,C,Tuvalu,OCEANIA,0.0
Falesa Pitoi,1069026585,Start,Tuvalu,OCEANIA,0.0
Second Toafa Ministry,1110459929,Start,Tuvalu,OCEANIA,0.0
Taom Tanukale,1048466076,Start,Tuvalu,OCEANIA,0.0
Telavi Ministry,1110459962,Start,Tuvalu,OCEANIA,0.0
Fiatau Penitala Teo,1069888129,Start,Tuvalu,OCEANIA,0.0
Solofa Uota,994787433,Stub,Tuvalu,OCEANIA,0.0
Ssendi Mosh Afrikan,1115116952,Start,Uganda,EAST AFRICA,47.2
Apollo Ofwono,1099627033,Stub,Uganda,EAST AFRICA,47.2
Christine Apolot,1079944698,Start,Uganda,EAST AFRICA,47.2
Florence Akiiki Asiimwe,1027457516,Start,Uganda,EAST AFRICA,47.2
Charles Ayume,1086952268,Start,Uganda,EAST AFRICA,47.2
Edith Mary Bataringaya,1095198944,GA,Uganda,EAST AFRICA,47.2
Flavia Rwabuhoro Kabahenda,1081460224,Start,Uganda,EAST AFRICA,47.2
John Kabaireho,944462983,Stub,Uganda,EAST AFRICA,47.2
Joseph Kabuleta,1112443092,C,Uganda,EAST AFRICA,47.2
Apollo Kaggwa,1074999358,C,Uganda,EAST AFRICA,47.2
Michael Kawalya Kagwa,943104033,Stub,Uganda,EAST AFRICA,47.2
Robert Mugabe Kakyebezi,1055443363,Start,Uganda,EAST AFRICA,47.2
Paulo Kavuma,1079821209,Stub,Uganda,EAST AFRICA,47.2
Patrick Kayemba,1036632663,Stub,Uganda,EAST AFRICA,47.2
Daniel Kidega,1110604657,Start,Uganda,EAST AFRICA,47.2
Yabezi Kiiza,994379167,Stub,Uganda,EAST AFRICA,47.2
Pumla Kisosonkole,1092915114,Start,Uganda,EAST AFRICA,47.2
Annie Logiel,1078602113,C,Uganda,EAST AFRICA,47.2
James Mamawi,1078845109,Stub,Uganda,EAST AFRICA,47.2
Jack Maumbe Mukhwana,1092597474,Start,Uganda,EAST AFRICA,47.2
Willy Mayambala,1078608465,Start,Uganda,EAST AFRICA,47.2
Kibirige Mayanja,1108117021,Start,Uganda,EAST AFRICA,47.2
Tamale Mirundi,1101412229,Start,Uganda,EAST AFRICA,47.2
Moses Okot Jr,1114291552,Stub,Uganda,EAST AFRICA,47.2
Mathias Mpuuga,1110819197,Start,Uganda,EAST AFRICA,47.2
Mary Mugyenyi,1106033973,Stub,Uganda,EAST AFRICA,47.2
Isaac Mulindwa,994241314,Start,Uganda,EAST AFRICA,47.2
Besueri Kiwanuka Lusse Mulondo,1061210640,Stub,Uganda,EAST AFRICA,47.2
Victoria Mwaka,1074997953,Start,Uganda,EAST AFRICA,47.2
Fred Mwesigye,1108117561,Start,Uganda,EAST AFRICA,47.2
Faridah Nambi,1053605372,Start,Uganda,EAST AFRICA,47.2
Ndyomugyenyi Roland Bish,1108945638,Start,Uganda,EAST AFRICA,47.2
Asinansi Nyakato,1113889681,Start,Uganda,EAST AFRICA,47.2
Geoffrey Onegi Obel,1081665502,Start,Uganda,EAST AFRICA,47.2
Onegi Obel,1102430835,Start,Uganda,EAST AFRICA,47.2
James Obita,994193575,Stub,Uganda,EAST AFRICA,47.2
Amos Okot,1094002050,Stub,Uganda,EAST AFRICA,47.2
Bosmic Otim,1095364177,Start,Uganda,EAST AFRICA,47.2
Ricky Richard Anywar,1080532652,Start,Uganda,EAST AFRICA,47.2
Ruth Molly Lematia,1100462639,Start,Uganda,EAST AFRICA,47.2
Eric Sakwa,1092463612,Stub,Uganda,EAST AFRICA,47.2
Sitenda Sebalu,1015498267,Stub,Uganda,EAST AFRICA,47.2
Wilson Tumwine,1036632061,Stub,Uganda,EAST AFRICA,47.2
Sarah Nambozo Wekomba,1027458500,Start,Uganda,EAST AFRICA,47.2
Sergey Abisov,1113303500,Start,Russia,EASTERN EUROPE,144.3
Sergey Abisov,1113303500,Start,Ukraine,EASTERN EUROPE,41.0
Oleksiy Arestovych,1112822378,Stub,Ukraine,EASTERN EUROPE,41.0
Oleh Barna,1107628544,Stub,Ukraine,EASTERN EUROPE,41.0
Alexander Barybin,1076927507,Start,Ukraine,EASTERN EUROPE,41.0
Andriy Beshta,1112281458,Stub,Ukraine,EASTERN EUROPE,41.0
Yurii Biriukov (volunteer),1113311776,GA,Ukraine,EASTERN EUROPE,41.0
Ivan Bisyuk,1110372331,Stub,Ukraine,EASTERN EUROPE,41.0
Ihor Brusylo,1114239760,Start,Ukraine,EASTERN EUROPE,41.0
Maksym Buzhanskyi,1110790502,Start,Ukraine,EASTERN EUROPE,41.0
Vyacheslav Chaus,1088343177,Start,Ukraine,EASTERN EUROPE,41.0
Dmytriy Leonidovich Cherniavskiy,1111097065,Stub,Ukraine,EASTERN EUROPE,41.0
Ihor Dolhov,1112281494,Start,Ukraine,EASTERN EUROPE,41.0
Anatoliy Fedorchuk,1106717687,Start,Ukraine,EASTERN EUROPE,41.0
Ivan Gel,1101905255,Stub,Ukraine,EASTERN EUROPE,41.0
Izet Hdanov,993291382,Start,Ukraine,EASTERN EUROPE,41.0
Valeriy Holovko,1096074639,Start,Ukraine,EASTERN EUROPE,41.0
Oleksandr Honcharenko,1114108183,C,Ukraine,EASTERN EUROPE,41.0
Borys Hrinchenko,1111107417,C,Ukraine,EASTERN EUROPE,41.0
Igor Zhovkva,1114395779,Stub,Ukraine,EASTERN EUROPE,41.0
Stepan Ivakhiv,1107524870,Start,Ukraine,EASTERN EUROPE,41.0
Andrey Vladimirovich Ivanchuk,1114165727,Start,Ukraine,EASTERN EUROPE,41.0
Konstantin Ivashchenko,1115427640,Start,Ukraine,EASTERN EUROPE,41.0
Vasily Karazin,1115394447,C,Ukraine,EASTERN EUROPE,41.0
Dmytro Kashchuk,1102174104,Start,Ukraine,EASTERN EUROPE,41.0
Ihor Kharchenko,1112281498,Start,Ukraine,EASTERN EUROPE,41.0
Klitschko brothers,1115675613,GA,Ukraine,EASTERN EUROPE,41.0
Roman Kostenko,1110759963,Start,Ukraine,EASTERN EUROPE,41.0
Mykola Kulinich,1077703729,Start,Ukraine,EASTERN EUROPE,41.0
Volodymyr Kuratchenko,1102923903,Start,Ukraine,EASTERN EUROPE,41.0
Vitalii Kurylo,1110760257,C,Ukraine,EASTERN EUROPE,41.0
Anatolii Kutsevol,1109643440,C,Ukraine,EASTERN EUROPE,41.0
Ihor Kyzym,1112281503,Start,Ukraine,EASTERN EUROPE,41.0
Hennadiy Lahuta,1114221445,Stub,Ukraine,EASTERN EUROPE,41.0
Andriy Maryanovych Levus,1073830494,Start,Ukraine,EASTERN EUROPE,41.0
Ivan Lypa,1089430147,Start,Ukraine,EASTERN EUROPE,41.0
Arnold Margolin,1113785341,C,Ukraine,EASTERN EUROPE,41.0
Oleh Meidych,1088155194,Start,Ukraine,EASTERN EUROPE,41.0
Oleksandr Motsyk,1112281609,C,Ukraine,EASTERN EUROPE,41.0
Volodymyr Mulyava,1112079048,Stub,Ukraine,EASTERN EUROPE,41.0
Oleh Kulinich,1110792268,GA,Ukraine,EASTERN EUROPE,41.0
Oleksii Dniprov,1099227768,C,Ukraine,EASTERN EUROPE,41.0
Vyacheslav Ovechkin,1115205187,Start,Ukraine,EASTERN EUROPE,41.0
Mykhailo Podolyak,1115621000,C,Ukraine,EASTERN EUROPE,41.0
Vasyl Poraiko,1101901817,Start,Ukraine,EASTERN EUROPE,41.0
Mykhailo Reznik,1079037070,Start,Ukraine,EASTERN EUROPE,41.0
Mykola Riabovil,1104756294,Stub,Ukraine,EASTERN EUROPE,41.0
Roman Mashovets,1098361744,Start,Ukraine,EASTERN EUROPE,41.0
Mykola Romanyuk,1114107598,Start,Ukraine,EASTERN EUROPE,41.0
Viacheslav Rublyov,1088155670,Start,Ukraine,EASTERN EUROPE,41.0
Oleksandr Ruzhytskyi,1004085657,Start,Ukraine,EASTERN EUROPE,41.0
Ihor Sahach,1112281519,Start,Ukraine,EASTERN EUROPE,41.0
Volodymyr Saldo,1115428495,GA,Ukraine,EASTERN EUROPE,41.0
Volodymyr Serhiychuk,1101913378,Start,Ukraine,EASTERN EUROPE,41.0
Oleh Shamshur,1062902165,Start,Ukraine,EASTERN EUROPE,41.0
Serhiy Shefir,1114898320,Start,Ukraine,EASTERN EUROPE,41.0
Volodymyr Stelmakh,1114407298,Start,Ukraine,EASTERN EUROPE,41.0
Ivan Steshenko,1114389400,Start,Ukraine,EASTERN EUROPE,41.0
Viacheslav Suprunenko,1090084846,Start,Ukraine,EASTERN EUROPE,41.0
Taras Tarasenko,1106858636,Start,Ukraine,EASTERN EUROPE,41.0
Tamila Tasheva,1114651868,Start,Ukraine,EASTERN EUROPE,41.0
Sergei Timchenko,1000483365,Start,Ukraine,EASTERN EUROPE,41.0
Volodymyr Tsvil,1103910885,C,Ukraine,EASTERN EUROPE,41.0
Volodymyr Tyahlo,1112281717,Start,Ukraine,EASTERN EUROPE,41.0
Kyrylo Tymoshenko,1113849072,C,Ukraine,EASTERN EUROPE,41.0
Evgeniy Udod,1077551665,Start,Ukraine,EASTERN EUROPE,41.0
Andriy Veselovsky,1112281468,Start,Ukraine,EASTERN EUROPE,41.0
Dmytro Vorona,1077325555,Start,Ukraine,EASTERN EUROPE,41.0
Mykola Yankovsky,1112731901,C,Ukraine,EASTERN EUROPE,41.0
Alla Yaroshinskaya,1046568571,C,Ukraine,EASTERN EUROPE,41.0
Kostiantyn Yastrub,1101911244,Stub,Ukraine,EASTERN EUROPE,41.0
Anatoliy Zasukha,1115198892,Start,Ukraine,EASTERN EUROPE,41.0
Natalya Zemna,1101899569,Start,Ukraine,EASTERN EUROPE,41.0
Vitaly Zholobov,1101902703,Start,Ukraine,EASTERN EUROPE,41.0
Abdullah Omran Taryam,1101527320,Start,United Arab Emirates,WESTERN ASIA,9.4
Jouan Salem Al Dhaheri,1031059903,Start,United Arab Emirates,WESTERN ASIA,9.4
Hassan al Diqqi,1064960620,C,United Arab Emirates,WESTERN ASIA,9.4
Rashid Ahmad bin Fahad,1066819166,Stub,United Arab Emirates,WESTERN ASIA,9.4
Mohammad Al Gergawi,1060182336,Start,United Arab Emirates,WESTERN ASIA,9.4
Saqr Ghobash,1102847766,Stub,United Arab Emirates,WESTERN ASIA,9.4
Hamdan bin Mohammed Al Nahyan,1100295706,Stub,United Arab Emirates,WESTERN ASIA,9.4
Mohammed Khalfan Bin Kharbash,748526554,Stub,United Arab Emirates,WESTERN ASIA,9.4
Ahmed bin Rashid Al Maktoum,1095235425,Start,United Arab Emirates,WESTERN ASIA,9.4
Ahmed bin Saeed Al Maktoum,1107590032,C,United Arab Emirates,WESTERN ASIA,9.4
Hamdan bin Rashid Al Maktoum,1110689861,C,United Arab Emirates,WESTERN ASIA,9.4
Maktoum bin Rashid Al Maktoum,1107670119,C,United Arab Emirates,WESTERN ASIA,9.4
Mohammed bin Khalifa Al Maktoum,949517140,Stub,United Arab Emirates,WESTERN ASIA,9.4
Mohammed bin Rashid Al Maktoum,1114185256,GA,United Arab Emirates,WESTERN ASIA,9.4
Saeed bin Maktoum bin Hasher Al Maktoum,1102931394,GA,United Arab Emirates,WESTERN ASIA,9.4
Hawaa Al Mansoori,1110913016,GA,United Arab Emirates,WESTERN ASIA,9.4
Sultan bin Saeed Al Mansoori,1092057370,Start,United Arab Emirates,WESTERN ASIA,9.4
Mansour bin Zayed Al Nahyan,1114026346,GA,United Arab Emirates,WESTERN ASIA,9.4
Abdulla bin Touq Al Marri,1104185628,C,United Arab Emirates,WESTERN ASIA,9.4
Mohammed bin Saud Al Qasimi,1096731396,Start,United Arab Emirates,WESTERN ASIA,9.4
Abdullah bin Zayed Al Nahyan,1105633932,C,United Arab Emirates,WESTERN ASIA,9.4
Hamdan bin Zayed bin Sultan Al Nahyan,1103862154,C,United Arab Emirates,WESTERN ASIA,9.4
Hamed bin Zayed Al Nahyan,1110822952,C,United Arab Emirates,WESTERN ASIA,9.4
Khaled bin Mohamed Al Nahyan,1098125658,C,United Arab Emirates,WESTERN ASIA,9.4
Mohammed bin Khalifa bin Zayed Al Nahyan,1087827974,Stub,United Arab Emirates,WESTERN ASIA,9.4
Mohamed bin Zayed Al Nahyan,1115627314,B,United Arab Emirates,WESTERN ASIA,9.4
Nahyan bin Mubarak Al Nahyan,1096917914,C,United Arab Emirates,WESTERN ASIA,9.4
Saeed bin Zayed Al Nahyan,1088459908,C,United Arab Emirates,WESTERN ASIA,9.4
Shakhbut bin Sultan Al Nahyan,1108320319,Start,United Arab Emirates,WESTERN ASIA,9.4
Sultan bin Zayed bin Sultan Al Nahyan,1112079022,Start,United Arab Emirates,WESTERN ASIA,9.4
Rashid Abdullah Al Nuaimi,1099278432,Start,United Arab Emirates,WESTERN ASIA,9.4
Saqr bin Zayed Al Nahyan,1088798567,Stub,United Arab Emirates,WESTERN ASIA,9.4
Mohammed Hussein Al Shaali,1072415676,Stub,United Arab Emirates,WESTERN ASIA,9.4
Abdulaziz Nasser Al Shamsi,993314704,Start,United Arab Emirates,WESTERN ASIA,9.4
Ahmed Bin Khalifa Al Suwaidi,1077175786,Stub,United Arab Emirates,WESTERN ASIA,9.4
Taryam Omran Taryam,1102816569,Start,United Arab Emirates,WESTERN ASIA,9.4
Ahmad Al Tayer,991317533,Stub,United Arab Emirates,WESTERN ASIA,9.4
Luis Almagro,1114683691,GA,Uruguay,SOUTH AMERICA,3.6
José Gervasio Artigas,1100186329,C,Uruguay,SOUTH AMERICA,3.6
Artigas Barrios,1101999869,Stub,Uruguay,SOUTH AMERICA,3.6
Sebastián Bauzá,1108122058,Start,Uruguay,SOUTH AMERICA,3.6
Mónica Bottero,1092915419,Start,Uruguay,SOUTH AMERICA,3.6
Jorge Bruni,1101182986,Stub,Uruguay,SOUTH AMERICA,3.6
Guillermo Chifflet,1101759783,Stub,Uruguay,SOUTH AMERICA,3.6
Guillermo Domenech,1097158325,Start,Uruguay,SOUTH AMERICA,3.6
Lorenzo Antonio Fernández,1077548180,Stub,Uruguay,SOUTH AMERICA,3.6
Pedro Figari,1096488492,C,Uruguay,SOUTH AMERICA,3.6
Liliam Kechichián,1093592844,Start,Uruguay,SOUTH AMERICA,3.6
Dámaso Antonio Larrañaga,1095942696,Stub,Uruguay,SOUTH AMERICA,3.6
Juan Francisco Larrobla,1077548411,Stub,Uruguay,SOUTH AMERICA,3.6
Eduardo Lorier,1018727512,Stub,Uruguay,SOUTH AMERICA,3.6
Hector Luisi,1043438229,Stub,Uruguay,SOUTH AMERICA,3.6
Guido Manini Ríos,1079832027,C,Uruguay,SOUTH AMERICA,3.6
Isidoro de María,1087592025,Stub,Uruguay,SOUTH AMERICA,3.6
Luis Melián Lafinur,946357029,Start,Uruguay,SOUTH AMERICA,3.6
Eudoro Melo,1064709933,Stub,Uruguay,SOUTH AMERICA,3.6
Antonio Mercader,1112103352,Start,Uruguay,SOUTH AMERICA,3.6
Pablo Mieres,1096493075,Start,Uruguay,SOUTH AMERICA,3.6
José Benito Monterroso,1085377711,Stub,Uruguay,SOUTH AMERICA,3.6
Tristán Narvaja,1028276227,Start,Uruguay,SOUTH AMERICA,3.6
Gonzalo Nin Novoa,1106146731,Stub,Uruguay,SOUTH AMERICA,3.6
Edgardo Novick,1072847041,Stub,Uruguay,SOUTH AMERICA,3.6
María Inés Obaldía,1098806307,Start,Uruguay,SOUTH AMERICA,3.6
Yamandú Orsi,1108465608,Stub,Uruguay,SOUTH AMERICA,3.6
José Brito del Pino,1093299461,C,Uruguay,SOUTH AMERICA,3.6
Enrique Pintado,1093592786,Stub,Uruguay,SOUTH AMERICA,3.6
Carlos Pita (politician),1093592777,Start,Uruguay,SOUTH AMERICA,3.6
Carlos Quijano,1096495833,Stub,Uruguay,SOUTH AMERICA,3.6
Laura Raffo,1099030150,C,Uruguay,SOUTH AMERICA,3.6
José Rondeau,1110216581,Start,Uruguay,SOUTH AMERICA,3.6
Elbio Rosselli,1091814257,Stub,Uruguay,SOUTH AMERICA,3.6
Florencio Sánchez,1093592743,C,Uruguay,SOUTH AMERICA,3.6
José Pedro Varela,1112343404,Stub,Uruguay,SOUTH AMERICA,3.6
Pedro Vaz (diplomat),1108530199,Stub,Uruguay,SOUTH AMERICA,3.6
Mateo Vidal,1093592713,Stub,Uruguay,SOUTH AMERICA,3.6
Jorge Zabalza,1109679712,Start,Uruguay,SOUTH AMERICA,3.6
Ikhtiyor Abdullayev,1112790355,Start,Uzbekistan,CENTRAL ASIA,35.6
Adham Ahmedbaev,1104048329,Start,Uzbekistan,CENTRAL ASIA,35.6
Abdusalom Azizov,1042510105,Start,Uzbekistan,CENTRAL ASIA,35.6
Uktam Barnoev,1103938662,Start,Uzbekistan,CENTRAL ASIA,35.6
Sa'dulla Begaliyev,1104048588,Stub,Uzbekistan,CENTRAL ASIA,35.6
Rustam Inoyatov,1113270583,Start,Uzbekistan,CENTRAL ASIA,35.6
Rashid Kadyrov,1099053977,C,Uzbekistan,CENTRAL ASIA,35.6
Karim Kamalov,1111368812,Start,Uzbekistan,CENTRAL ASIA,35.6
Tatyana Karimova,1091073846,C,Uzbekistan,CENTRAL ASIA,35.6
Bakhodir Kurbanov (general),1110670316,Start,Uzbekistan,CENTRAL ASIA,35.6
Jahangir Mamatov,1088541836,C,Uzbekistan,CENTRAL ASIA,35.6
Boʻritosh Mustafoyev,1091522486,Stub,Uzbekistan,CENTRAL ASIA,35.6
Narzullo Oblomurodov,1104049435,Start,Uzbekistan,CENTRAL ASIA,35.6
Baxtiyor Rahimov,1072991397,Start,Uzbekistan,CENTRAL ASIA,35.6
Bekjon Rakhmonov,1005182220,Start,Uzbekistan,CENTRAL ASIA,35.6
Bakhodir Khan Turkistan,1087529697,B,Uzbekistan,CENTRAL ASIA,35.6
Vincent Lunabek,1016873706,Stub,Vanuatu,OCEANIA,0.3
President of Vanuatu,1107010400,Start,Vanuatu,OCEANIA,0.3
Seule Simeon,1104142992,Stub,Vanuatu,OCEANIA,0.3
Jimmy Stevens (politician),1079035231,Start,Vanuatu,OCEANIA,0.3
Dinh Van Than,1095441948,C,Vanuatu,OCEANIA,0.3
Fernando Adames Torres,1024688075,Start,Venezuela,SOUTH AMERICA,28.3
Fidel Barbarito,1053753601,Stub,Venezuela,SOUTH AMERICA,28.3
Marialbert Barrios,1035318762,Stub,Venezuela,SOUTH AMERICA,28.3
Pedro Bastidas,1099984323,Start,Venezuela,SOUTH AMERICA,28.3
Alejandra Benítez,1109304962,Start,Venezuela,SOUTH AMERICA,28.3
José Brito (politician),1112801304,Start,Venezuela,SOUTH AMERICA,28.3
Rubén González Cárdenas,1097447701,C,Venezuela,SOUTH AMERICA,28.3
José Curiel,1094123337,Stub,Venezuela,SOUTH AMERICA,28.3
Felix Díaz Ortega,904555437,Start,Venezuela,SOUTH AMERICA,28.3
Vicente José Gregorio Díaz Silva,815743767,Stub,Venezuela,SOUTH AMERICA,28.3
Alí Domínguez,1112560417,C,Venezuela,SOUTH AMERICA,28.3
Franklyn Duarte,994234240,Start,Venezuela,SOUTH AMERICA,28.3
Alberto Franceschi,1098325131,Start,Venezuela,SOUTH AMERICA,28.3
Arnoldo Gabaldón,1112407117,C,Venezuela,SOUTH AMERICA,28.3
Evangelina García Prince,1108538199,Stub,Venezuela,SOUTH AMERICA,28.3
Vladimir Augusto Gessen Rodríguez,1031792568,Stub,Venezuela,SOUTH AMERICA,28.3
César González Martínez,1114086629,C,Venezuela,SOUTH AMERICA,28.3
Luis Graterol Caraballo,1092954847,Start,Venezuela,SOUTH AMERICA,28.3
Liborio Guarulla,1115758389,C,Venezuela,SOUTH AMERICA,28.3
Maryann Hanson,1036872382,Stub,Venezuela,SOUTH AMERICA,28.3
Reinaldo Iturriza,1065821521,Stub,Venezuela,SOUTH AMERICA,28.3
Andrés Izarra,1057179536,Start,Venezuela,SOUTH AMERICA,28.3
José Bernabé Gutiérrez,1050440187,Start,Venezuela,SOUTH AMERICA,28.3
Reinaldo Leandro Mora,1106693473,Start,Venezuela,SOUTH AMERICA,28.3
Carlos Augusto León,1085691550,Start,Venezuela,SOUTH AMERICA,28.3
Ramón Lobo (economist),1007721364,Start,Venezuela,SOUTH AMERICA,28.3
Manuel Quevedo,1105549237,Stub,Venezuela,SOUTH AMERICA,28.3
María Cristina Iglesias,1038020560,Stub,Venezuela,SOUTH AMERICA,28.3
Jorge Elieser Márquez,1107285025,Start,Venezuela,SOUTH AMERICA,28.3
Américo Martín,1098325144,Stub,Venezuela,SOUTH AMERICA,28.3
Nelson Martínez (politician),1107146847,Stub,Venezuela,SOUTH AMERICA,28.3
Carlos Mata Figueroa,1106249914,Stub,Venezuela,SOUTH AMERICA,28.3
Manuel Antonio Matos,1073559994,Start,Venezuela,SOUTH AMERICA,28.3
Ricardo José Menéndez Prieto,1059606624,Start,Venezuela,SOUTH AMERICA,28.3
Nelson Merentes,1070050745,Start,Venezuela,SOUTH AMERICA,28.3
Francisco de Miranda,1112724061,B,Venezuela,SOUTH AMERICA,28.3
Diego Alfredo Molero Bellavia,1012172289,Stub,Venezuela,SOUTH AMERICA,28.3
Venancio Antonio Morin,959659970,Stub,Venezuela,SOUTH AMERICA,28.3
Reinaldo Muñoz Pedroza,1111138140,Stub,Venezuela,SOUTH AMERICA,28.3
Dia Nader de El-Andari,1084711403,Start,Venezuela,SOUTH AMERICA,28.3
Moisés Naím,1100729862,C,Venezuela,SOUTH AMERICA,28.3
Freddy Ñáñez,1107284988,Stub,Venezuela,SOUTH AMERICA,28.3
Ana Elisa Osorio,1083403033,Start,Venezuela,SOUTH AMERICA,28.3
Renny Ottolina,1102102358,C,Venezuela,SOUTH AMERICA,28.3
Alejandro Peña Esclusa,1092462652,C,Venezuela,SOUTH AMERICA,28.3
Miguel Peña (politician),1081907295,Stub,Venezuela,SOUTH AMERICA,28.3
Lewis Pérez,1112290082,Start,Venezuela,SOUTH AMERICA,28.3
Arkiely Perfecto,1063238343,Start,Venezuela,SOUTH AMERICA,28.3
Eduardo Piñate,1107284945,Start,Venezuela,SOUTH AMERICA,28.3
Humberto Prado,1097454386,Start,Venezuela,SOUTH AMERICA,28.3
Omar Prieto,1057906272,Start,Venezuela,SOUTH AMERICA,28.3
Benjamín Rausseo,1076075290,Start,Venezuela,SOUTH AMERICA,28.3
Manuel Felipe Rugeles,1072064926,Stub,Venezuela,SOUTH AMERICA,28.3
Milena Sardi de Selle,1084711482,Stub,Venezuela,SOUTH AMERICA,28.3
Carlos Eduardo Stolk,1068453445,Start,Venezuela,SOUTH AMERICA,28.3
Bolivia Suárez,1103745316,Stub,Venezuela,SOUTH AMERICA,28.3
Gustavo Tarre,1114710611,C,Venezuela,SOUTH AMERICA,28.3
José Herrera Uslar,1108379965,Start,Venezuela,SOUTH AMERICA,28.3
Addy Valero,1104812576,Start,Venezuela,SOUTH AMERICA,28.3
José Antonio Velutini,1090864613,Start,Venezuela,SOUTH AMERICA,28.3
Henry Ventura,1103010863,Stub,Venezuela,SOUTH AMERICA,28.3
Nervis Villalobos,1098002474,C,Venezuela,SOUTH AMERICA,28.3
Bùi Tiến Dũng (politician),1106913410,Stub,Vietnam,SOUTHEAST ASIA,99.4
Chu Văn An,1105680159,Start,Vietnam,SOUTHEAST ASIA,99.4
Đinh Xuân Quảng,1101628325,B,Vietnam,SOUTHEAST ASIA,99.4
Kiem Do,1105970447,Start,Vietnam,SOUTHEAST ASIA,99.4
Đỗ Quang Giai,1106913686,C,Vietnam,SOUTHEAST ASIA,99.4
Hồ Đắc Điềm,1099396979,Stub,Vietnam,SOUTHEAST ASIA,99.4
Hồ Văn Nhựt,1106111640,C,Vietnam,SOUTHEAST ASIA,99.4
Hoàng Cao Khải,1096532438,Stub,Vietnam,SOUTHEAST ASIA,99.4
Hoang Van Chi,1101628375,C,Vietnam,SOUTHEAST ASIA,99.4
Huỳnh Văn Cao,1104041830,Start,Vietnam,SOUTHEAST ASIA,99.4
Lê Minh Hương,1106651628,Stub,Vietnam,SOUTHEAST ASIA,99.4
Lê Quốc Minh,1106248998,C,Vietnam,SOUTHEAST ASIA,99.4
Nguyễn Đức Chung,1106670725,Start,Vietnam,SOUTHEAST ASIA,99.4
Nguyễn Duy Quý,1088453067,Stub,Vietnam,SOUTHEAST ASIA,99.4
Nguyễn Hợp Đoàn,1037311684,Start,Vietnam,SOUTHEAST ASIA,99.4
Nguyễn Quốc Cường,1106913394,Stub,Vietnam,SOUTHEAST ASIA,99.4
Nguyễn Thị Hồng (economist),1106913717,Stub,Vietnam,SOUTHEAST ASIA,99.4
Nguyễn Thị Thập,1109326679,Start,Vietnam,SOUTHEAST ASIA,99.4
Nguyễn Văn Huyền,1113747715,C,Vietnam,SOUTHEAST ASIA,99.4
Nguyễn Văn Lực,1106652276,Stub,Vietnam,SOUTHEAST ASIA,99.4
Nguyễn Văn Trân,1104374719,Stub,Vietnam,SOUTHEAST ASIA,99.4
Nguyễn Văn Xuân,1106670999,Stub,Vietnam,SOUTHEAST ASIA,99.4
Tran Minh Tiet,1106246862,C,Vietnam,SOUTHEAST ASIA,99.4
Trần Quốc Vượng (politician),1115261301,GA,Vietnam,SOUTHEAST ASIA,99.4
Trần Tuấn Anh,1095925201,Start,Vietnam,SOUTHEAST ASIA,99.4
Trương Đình Dzu,1100617047,GA,Vietnam,SOUTHEAST ASIA,99.4
Võ Văn Thưởng,1084426845,C,Vietnam,SOUTHEAST ASIA,99.4
Abdullah al-Alimi Bawazeer,1114576006,Start,Yemen,WESTERN ASIA,33.7
Abdullah Badheeb,1072508751,Start,Yemen,WESTERN ASIA,33.7
Fathi Tawfiq Abdulrahim,1095983583,Stub,Yemen,WESTERN ASIA,33.7
Hamid al-Ahmar,1109826174,Start,Yemen,WESTERN ASIA,33.7
Hashid Abdullah al-Ahmar,1110510064,Stub,Yemen,WESTERN ASIA,33.7
Sam Yahya Al-Ahmar,1109834119,Stub,Yemen,WESTERN ASIA,33.7
Abraham Aiyash,1103527715,Start,Yemen,WESTERN ASIA,33.7
Talal Aklan,1112622242,Stub,Yemen,WESTERN ASIA,33.7
Sultan al-Barakani,1113958239,Stub,Yemen,WESTERN ASIA,33.7
Ameen Ali al-Akimi,1115306104,Stub,Yemen,WESTERN ASIA,33.7
Muhammad Musa al-Amri,1021377348,C,Yemen,WESTERN ASIA,33.7
Murshed Al-Arashani,950136845,Stub,Yemen,WESTERN ASIA,33.7
Mohamed al-Atifi,1110144954,Stub,Yemen,WESTERN ASIA,33.7
Saleh Al-Aulaqi,1065927920,Stub,Yemen,WESTERN ASIA,33.7
Yasser Al-Awadi,1110510255,Stub,Yemen,WESTERN ASIA,33.7
Sagheer Hamoud Aziz,1115718990,C,Yemen,WESTERN ASIA,33.7
Abdul Qadir Bajamal,1104985248,Stub,Yemen,WESTERN ASIA,33.7
Mohammed Basindawa,1105895571,Start,Yemen,WESTERN ASIA,33.7
Ali Al Bukhaiti,1109047621,Stub,Yemen,WESTERN ASIA,33.7
Bruce Conde,1106422123,Start,Yemen,WESTERN ASIA,33.7
Abdul Wahab Al-Dailami,1101062213,Start,Yemen,WESTERN ASIA,33.7
Zayd Mutee' Dammaj,880830043,Start,Yemen,WESTERN ASIA,33.7
Ali Ahmad Nasser al-Dhahab,1106368440,Stub,Yemen,WESTERN ASIA,33.7
Nabil Hasan al-Faqih,1111769543,Stub,Yemen,WESTERN ASIA,33.7
Jalal Faqira,1090815388,Stub,Yemen,WESTERN ASIA,33.7
Faraj Salmin Al-Buhsani,1114525870,Stub,Yemen,WESTERN ASIA,33.7
Abdrabbuh Mansur Hadi,1109881396,C,Yemen,WESTERN ASIA,33.7
Hassan ibn Yahya,1109928076,Start,Yemen,WESTERN ASIA,33.7
Badreddin al-Houthi,1109926420,Stub,Yemen,WESTERN ASIA,33.7
Ibrahim Bin Ali Al Wazeer,1070211151,Start,Yemen,WESTERN ASIA,33.7
Ibrahim Haidan,1113928175,Stub,Yemen,WESTERN ASIA,33.7
Mohammed Lutf al-Iryani,902034742,Stub,Yemen,WESTERN ASIA,33.7
Abd Al-Rahman Ali Al-Jifri,1070785465,Start,Yemen,WESTERN ASIA,33.7
Tawakkol Karman,1114996123,GA,Yemen,WESTERN ASIA,33.7
Hussein Khairan,1107464188,Start,Yemen,WESTERN ASIA,33.7
Hasan al-Lawzi,1110174341,Stub,Yemen,WESTERN ASIA,33.7
Ahmed al-Maisari,1114348953,Stub,Yemen,WESTERN ASIA,33.7
Mohammed Ali Al-Maqdashi,1115113088,Stub,Yemen,WESTERN ASIA,33.7
Hooria Mashhour,1110863738,Start,Yemen,WESTERN ASIA,33.7
Huria Mashoor,1111069538,Start,Yemen,WESTERN ASIA,33.7
Mutaher al-Masri,1115731487,Stub,Yemen,WESTERN ASIA,33.7
Ahmad Awad bin Mubarak,1114134493,Start,Yemen,WESTERN ASIA,33.7
Muhammad bin Yahya bin Muhammad,1086283208,Stub,Yemen,WESTERN ASIA,33.7
Ali Muhammad Mujawar,1106369055,Stub,Yemen,WESTERN ASIA,33.7
Nasr Taha Mustafa,1110709467,Stub,Yemen,WESTERN ASIA,33.7
Abdul Qader Qahtan,1115729014,Start,Yemen,WESTERN ASIA,33.7
Mohamed Saleh Qara'a,1074122152,Stub,Yemen,WESTERN ASIA,33.7
Mohamed Qubaty,1113837714,C,Yemen,WESTERN ASIA,33.7
Rashad al-Alimi,1114504154,Start,Yemen,WESTERN ASIA,33.7
Abdulwahab al-Rawhani,1106993078,Start,Yemen,WESTERN ASIA,33.7
Mohammed al-Sabry,949762548,Stub,Yemen,WESTERN ASIA,33.7
Ali Abdullah Saleh,1109478607,GA,Yemen,WESTERN ASIA,33.7
Yahya Mohamed Abdullah Saleh,1079727895,Stub,Yemen,WESTERN ASIA,33.7
Abdullatif Al-Sayed,1112403460,Start,Yemen,WESTERN ASIA,33.7
Mohammad Sewar,1096055193,Stub,Yemen,WESTERN ASIA,33.7
Mahmoud al-Subaihi,1108837709,Start,Yemen,WESTERN ASIA,33.7
Saadaldeen Talib,1114946204,Start,Yemen,WESTERN ASIA,33.7
Ali Taysir,788482602,Stub,Yemen,WESTERN ASIA,33.7
Yahya Muhammad Hamid ed-Din,1114418962,C,Yemen,WESTERN ASIA,33.7
Riad Yassin,1110514216,Stub,Yemen,WESTERN ASIA,33.7
Aidarus al-Zoubaidi,1115038403,Start,Yemen,WESTERN ASIA,33.7
Sylvia Bambala Chalikosa,1081291691,Stub,Zambia,EAST AFRICA,20.0
Patrick Chikusu,1098315530,Start,Zambia,EAST AFRICA,20.0
Mirriam Chinyama Chonya,1090872334,Stub,Zambia,EAST AFRICA,20.0
Rosaria C. Fundanga,1090872335,Stub,Zambia,EAST AFRICA,20.0
Chibesa Kankasa,1090872459,Start,Zambia,EAST AFRICA,20.0
Chushi C. Kasanda,1090872343,Stub,Zambia,EAST AFRICA,20.0
Mwamba Luchembe,1105621834,Stub,Zambia,EAST AFRICA,20.0
Muyoba Macwani,1056038831,Start,Zambia,EAST AFRICA,20.0
Kampamba Mulenga Chilumba,1049942660,Start,Zambia,EAST AFRICA,20.0
Mike Mulongoti,1110802508,Start,Zambia,EAST AFRICA,20.0
Peter Sinkamba,1105649973,Start,Zambia,EAST AFRICA,20.0
Yobert K. Shamapande,1002399039,C,Zambia,EAST AFRICA,20.0
Brenda Mwika Tambatamba,1090872349,Stub,Zambia,EAST AFRICA,20.0
Gift Banda,1062652620,Stub,Zimbabwe,EAST AFRICA,16.3
Flora Buka,1084849963,Stub,Zimbabwe,EAST AFRICA,16.3
Joseph Makamba Busha,1021924531,Start,Zimbabwe,EAST AFRICA,16.3
James Chikerema,918786393,C,Zimbabwe,EAST AFRICA,16.3
Paul Chimedza,1095048375,Stub,Zimbabwe,EAST AFRICA,16.3
Chenhamo Chimutengwende,1105760668,Start,Zimbabwe,EAST AFRICA,16.3
Ruth Chinamano,1084918578,Start,Zimbabwe,EAST AFRICA,16.3
George Chiweshe,1036777160,Start,Zimbabwe,EAST AFRICA,16.3
Phillip Chiyangwa,1094211115,C,Zimbabwe,EAST AFRICA,16.3
Fay Chung,1077287411,C,Zimbabwe,EAST AFRICA,16.3
Guy Clutton-Brock,1088261799,Start,Zimbabwe,EAST AFRICA,16.3
Margaret Dongo,1106933263,C,Zimbabwe,EAST AFRICA,16.3
Jabulani Dube,1084850581,Stub,Zimbabwe,EAST AFRICA,16.3
Fletcher Dulini Ncube,1084849958,Stub,Zimbabwe,EAST AFRICA,16.3
Ken Flower,1107565404,Start,Zimbabwe,EAST AFRICA,16.3
Aguy Georgias,1040514079,Start,Zimbabwe,EAST AFRICA,16.3
Sithembile Gumbo,1104771475,Stub,Zimbabwe,EAST AFRICA,16.3
Josiah Zion Gumede,1085727537,Start,Zimbabwe,EAST AFRICA,16.3
Ellen Gwaradzimba,1108316505,Stub,Zimbabwe,EAST AFRICA,16.3
Andre S Holland,1096209197,Start,Zimbabwe,EAST AFRICA,16.3
Byron Hove,1037445265,Stub,Zimbabwe,EAST AFRICA,16.3
Tonderai Kasu,1112599689,C,Zimbabwe,EAST AFRICA,16.3
Wilson Khumbula,1085045004,C,Zimbabwe,EAST AFRICA,16.3
Lovemore Madhuku,1106648610,C,Zimbabwe,EAST AFRICA,16.3
Sarah Mahoka,1109140716,Stub,Zimbabwe,EAST AFRICA,16.3
Alfred Makwarimba,1092395186,Stub,Zimbabwe,EAST AFRICA,16.3
Washington Malianga,1064532257,Stub,Zimbabwe,EAST AFRICA,16.3
Elliot Manyika,1098102512,Start,Zimbabwe,EAST AFRICA,16.3
Linda Masarira,1106829214,C,Zimbabwe,EAST AFRICA,16.3
Jevan Maseko,1084850620,Stub,Zimbabwe,EAST AFRICA,16.3
Anxious Jongwe Masuka,1084841305,Stub,Zimbabwe,EAST AFRICA,16.3
Lovemore Matombo,1105192324,Stub,Zimbabwe,EAST AFRICA,16.3
Bright Matonga,1036801272,Stub,Zimbabwe,EAST AFRICA,16.3
Isaac Matongo,1007345232,Stub,Zimbabwe,EAST AFRICA,16.3
Obedingwa Mguni,1108676758,Start,Zimbabwe,EAST AFRICA,16.3
Promise Mkwananzi,1110541985,Start,Zimbabwe,EAST AFRICA,16.3
Max Mnkandla,1007344798,Stub,Zimbabwe,EAST AFRICA,16.3
Bekithemba Mpofu,1085044064,Stub,Zimbabwe,EAST AFRICA,16.3
Earnest Mudzengi,1106234826,Start,Zimbabwe,EAST AFRICA,16.3
Kisinoti Mukwazhe,1108499694,Stub,Zimbabwe,EAST AFRICA,16.3
Edwin Mushoriwa,1089708944,Stub,Zimbabwe,EAST AFRICA,16.3
Munacho Mutezo,1112725980,Start,Zimbabwe,EAST AFRICA,16.3
Abel Muzorewa,1114850024,C,Zimbabwe,EAST AFRICA,16.3
Prag Lalloo Naran,1112385169,C,Zimbabwe,EAST AFRICA,16.3
Owen Ncube,1103207061,Start,Zimbabwe,EAST AFRICA,16.3
Gundwane Ndiweni,1110144011,Start,Zimbabwe,EAST AFRICA,16.3
Khayisa Ndiweni,1110143825,Start,Zimbabwe,EAST AFRICA,16.3
Jane Ngwenya,1104098471,Start,Zimbabwe,EAST AFRICA,16.3
Maurice Nyagumbo,1083456696,Start,Zimbabwe,EAST AFRICA,16.3
George Nyandoro,1076727160,Start,Zimbabwe,EAST AFRICA,16.3
Sekai Nzenza,1091958972,Start,Zimbabwe,EAST AFRICA,16.3
Engelbert Rugeje,1081815779,C,Zimbabwe,EAST AFRICA,16.3
Tinos Rusere,1035940114,Start,Zimbabwe,EAST AFRICA,16.3
Daniel Shumba,1060414733,C,Zimbabwe,EAST AFRICA,16.3
Maxwell Zeb Shumba,1095960401,Start,Zimbabwe,EAST AFRICA,16.3
Nkululeko Mkastos Sibanda,1108127086,Start,Zimbabwe,EAST AFRICA,16.3
Leopold Takawira,1112149097,Start,Zimbabwe,EAST AFRICA,16.3
Gift Tandare,1114641622,Stub,Zimbabwe,EAST AFRICA,16.3
Rekayi Tangwena,1073818982,Stub,Zimbabwe,EAST AFRICA,16.3
Josiah Tongogara,1106932400,C,Zimbabwe,EAST AFRICA,16.3
Langton Towungana,904246837,Stub,Zimbabwe,EAST AFRICA,16.3
Herbert Ushewokunze,959111842,Stub,Zimbabwe,EAST AFRICA,16.3
Denis Walker,1111257734,C,Zimbabwe,EAST AFRICA,16.3
